received_at,Total Installs
2020-06-05 00:00:00+00:00,207
2020-06-06 00:00:00+00:00,613
2020-06-07 00:00:00+00:00,1134
2020-06-08 00:00:00+00:00,1780
2020-06-09 00:00:00+00:00,2356
2020-06-10 00:00:00+00:00,2982
2020-06-11 00:00:00+00:00,4043
2020-06-12 00:00:00+00:00,5081
2020-06-13 00:00:00+00:00,5660
2020-06-14 00:00:00+00:00,6308
2020-06-15 00:00:00+00:00,6945
2020-06-16 00:00:00+00:00,7783
2020-06-17 00:00:00+00:00,8502
2020-06-18 00:00:00+00:00,9243
2020-06-19 00:00:00+00:00,9949
2020-06-20 00:00:00+00:00,10523
2020-06-21 00:00:00+00:00,10993
2020-06-22 00:00:00+00:00,11778
2020-06-23 00:00:00+00:00,12462
2020-06-24 00:00:00+00:00,13187
2020-06-25 00:00:00+00:00,13906
2020-06-26 00:00:00+00:00,14581
2020-06-27 00:00:00+00:00,15274
2020-06-28 00:00:00+00:00,15889
2020-06-29 00:00:00+00:00,16564
2020-06-30 00:00:00+00:00,17180
2020-07-01 00:00:00+00:00,17876
2020-07-02 00:00:00+00:00,18520
2020-07-03 00:00:00+00:00,19077
2020-07-04 00:00:00+00:00,19609
2020-07-05 00:00:00+00:00,20204
2020-07-06 00:00:00+00:00,20946
2020-07-07 00:00:00+00:00,21530
2020-07-08 00:00:00+00:00,22083
2020-07-09 00:00:00+00:00,22740
2020-07-10 00:00:00+00:00,23449
2020-07-11 00:00:00+00:00,24058
2020-07-12 00:00:00+00:00,24546
2020-07-13 00:00:00+00:00,25179
2020-07-14 00:00:00+00:00,25828
2020-07-15 00:00:00+00:00,26421
2020-07-16 00:00:00+00:00,27036
2020-07-17 00:00:00+00:00,27706
2020-07-18 00:00:00+00:00,28126
2020-07-19 00:00:00+00:00,28585
2020-07-20 00:00:00+00:00,29304
2020-07-21 00:00:00+00:00,30024
2020-07-22 00:00:00+00:00,30657
2020-07-23 00:00:00+00:00,31399
2020-07-24 00:00:00+00:00,31966
2020-07-25 00:00:00+00:00,32514
2020-07-26 00:00:00+00:00,33076
2020-07-27 00:00:00+00:00,33744
2020-07-28 00:00:00+00:00,34349
2020-07-29 00:00:00+00:00,37517
2020-07-30 00:00:00+00:00,38161
2020-07-31 00:00:00+00:00,41206
2020-08-01 00:00:00+00:00,47517
2020-08-02 00:00:00+00:00,53414
2020-08-03 00:00:00+00:00,55997
2020-08-04 00:00:00+00:00,56685
2020-08-05 00:00:00+00:00,57321
2020-08-06 00:00:00+00:00,57899
2020-08-07 00:00:00+00:00,58328
2020-08-08 00:00:00+00:00,58824
2020-08-09 00:00:00+00:00,59332
2020-08-10 00:00:00+00:00,59978
2020-08-11 00:00:00+00:00,60641
2020-08-12 00:00:00+00:00,61303
2020-08-13 00:00:00+00:00,62006
2020-08-14 00:00:00+00:00,62560
2020-08-15 00:00:00+00:00,62996
2020-08-16 00:00:00+00:00,63471
2020-08-17 00:00:00+00:00,64118
2020-08-18 00:00:00+00:00,64828
2020-08-19 00:00:00+00:00,65576
2020-08-20 00:00:00+00:00,66279
2020-08-21 00:00:00+00:00,67070
2020-08-22 00:00:00+00:00,68316
2020-08-23 00:00:00+00:00,68852
2020-08-24 00:00:00+00:00,69736
2020-08-25 00:00:00+00:00,70515
2020-08-26 00:00:00+00:00,71172
2020-08-27 00:00:00+00:00,71881
2020-08-28 00:00:00+00:00,72524
2020-08-29 00:00:00+00:00,72991
2020-08-30 00:00:00+00:00,73494
2020-08-31 00:00:00+00:00,74520
2020-09-01 00:00:00+00:00,77032
2020-09-02 00:00:00+00:00,77838
2020-09-03 00:00:00+00:00,78658
2020-09-04 00:00:00+00:00,79344
2020-09-05 00:00:00+00:00,79838
2020-09-06 00:00:00+00:00,80424
2020-09-07 00:00:00+00:00,81131
2020-09-08 00:00:00+00:00,81943
2020-09-09 00:00:00+00:00,83340
2020-09-10 00:00:00+00:00,84859
2020-09-11 00:00:00+00:00,85943
2020-09-12 00:00:00+00:00,86913
2020-09-13 00:00:00+00:00,87734
2020-09-14 00:00:00+00:00,88842
2020-09-15 00:00:00+00:00,89955
2020-09-16 00:00:00+00:00,90927
2020-09-17 00:00:00+00:00,92025
2020-09-18 00:00:00+00:00,92928
2020-09-19 00:00:00+00:00,93645
2020-09-20 00:00:00+00:00,94517
2020-09-21 00:00:00+00:00,95634
2020-09-22 00:00:00+00:00,96628
2020-09-23 00:00:00+00:00,97701
2020-09-24 00:00:00+00:00,98676
2020-09-25 00:00:00+00:00,99520
2020-09-26 00:00:00+00:00,100263
2020-09-27 00:00:00+00:00,101048
2020-09-28 00:00:00+00:00,102013
2020-09-29 00:00:00+00:00,103043
2020-09-30 00:00:00+00:00,104047
2020-10-01 00:00:00+00:00,104978
2020-10-02 00:00:00+00:00,105878
2020-10-03 00:00:00+00:00,106556
2020-10-04 00:00:00+00:00,107207
2020-10-05 00:00:00+00:00,108108
2020-10-06 00:00:00+00:00,109100
2020-10-07 00:00:00+00:00,110708
2020-10-08 00:00:00+00:00,111843
2020-10-09 00:00:00+00:00,112922
2020-10-10 00:00:00+00:00,113694
2020-10-11 00:00:00+00:00,114462
2020-10-12 00:00:00+00:00,115440
2020-10-13 00:00:00+00:00,116443
2020-10-14 00:00:00+00:00,117545
2020-10-15 00:00:00+00:00,118574
2020-10-16 00:00:00+00:00,119501
2020-10-17 00:00:00+00:00,120197
2020-10-18 00:00:00+00:00,120812
2020-10-19 00:00:00+00:00,121835
2020-10-20 00:00:00+00:00,122871
2020-10-21 00:00:00+00:00,123940
2020-10-22 00:00:00+00:00,124974
2020-10-23 00:00:00+00:00,125964
2020-10-24 00:00:00+00:00,126697
2020-10-25 00:00:00+00:00,127503
2020-10-26 00:00:00+00:00,128570
2020-10-27 00:00:00+00:00,129633
2020-10-28 00:00:00+00:00,130731
2020-10-29 00:00:00+00:00,131871
2020-10-30 00:00:00+00:00,132900
2020-10-31 00:00:00+00:00,133605
2020-11-01 00:00:00+00:00,134327
2020-11-02 00:00:00+00:00,135482
2020-11-03 00:00:00+00:00,136533
2020-11-04 00:00:00+00:00,137541
2020-11-05 00:00:00+00:00,138407
2020-11-06 00:00:00+00:00,139377
2020-11-07 00:00:00+00:00,140162
2020-11-08 00:00:00+00:00,140927
2020-11-09 00:00:00+00:00,141954
2020-11-10 00:00:00+00:00,143032
2020-11-11 00:00:00+00:00,144100
2020-11-12 00:00:00+00:00,145471
2020-11-13 00:00:00+00:00,146675
2020-11-14 00:00:00+00:00,147405
2020-11-15 00:00:00+00:00,148098
2020-11-16 00:00:00+00:00,149492
2020-11-17 00:00:00+00:00,150709
2020-11-18 00:00:00+00:00,151880
2020-11-19 00:00:00+00:00,153201
2020-11-20 00:00:00+00:00,154235
2020-11-21 00:00:00+00:00,155155
2020-11-22 00:00:00+00:00,155987
2020-11-23 00:00:00+00:00,157065
2020-11-24 00:00:00+00:00,158040
2020-11-25 00:00:00+00:00,159048
2020-11-26 00:00:00+00:00,159971
2020-11-27 00:00:00+00:00,160863
2020-11-28 00:00:00+00:00,161669
2020-11-29 00:00:00+00:00,162442
2020-11-30 00:00:00+00:00,163320
2020-12-01 00:00:00+00:00,164218
2020-12-02 00:00:00+00:00,165362
2020-12-03 00:00:00+00:00,166660
2020-12-04 00:00:00+00:00,167851
2020-12-05 00:00:00+00:00,169043
2020-12-06 00:00:00+00:00,170212
2020-12-07 00:00:00+00:00,171443
2020-12-08 00:00:00+00:00,172675
2020-12-09 00:00:00+00:00,173811
2020-12-10 00:00:00+00:00,175127
2020-12-11 00:00:00+00:00,176040
2020-12-12 00:00:00+00:00,176840
2020-12-13 00:00:00+00:00,177631
2020-12-14 00:00:00+00:00,178816
2020-12-15 00:00:00+00:00,180167
2020-12-16 00:00:00+00:00,181352
2020-12-17 00:00:00+00:00,182679
2020-12-18 00:00:00+00:00,183717
2020-12-19 00:00:00+00:00,184623
2020-12-20 00:00:00+00:00,185393
2020-12-21 00:00:00+00:00,186507
2020-12-22 00:00:00+00:00,187624
2020-12-23 00:00:00+00:00,188526
2020-12-24 00:00:00+00:00,189434
2020-12-25 00:00:00+00:00,190368
2020-12-26 00:00:00+00:00,191179
2020-12-27 00:00:00+00:00,192158
2020-12-28 00:00:00+00:00,193191
2020-12-29 00:00:00+00:00,194188
2020-12-30 00:00:00+00:00,195193
2020-12-31 00:00:00+00:00,196091
2021-01-01 00:00:00+00:00,196813
2021-01-02 00:00:00+00:00,197645
2021-01-03 00:00:00+00:00,198513
2021-01-04 00:00:00+00:00,199662
2021-01-05 00:00:00+00:00,200843
2021-01-06 00:00:00+00:00,202046
2021-01-07 00:00:00+00:00,203423
2021-01-08 00:00:00+00:00,204654
2021-01-09 00:00:00+00:00,206342
2021-01-10 00:00:00+00:00,207864
2021-01-11 00:00:00+00:00,209579
2021-01-12 00:00:00+00:00,211316
2021-01-13 00:00:00+00:00,212612
2021-01-14 00:00:00+00:00,213884
2021-01-15 00:00:00+00:00,215070
2021-01-16 00:00:00+00:00,215775
2021-01-17 00:00:00+00:00,216528
2021-01-18 00:00:00+00:00,217534
2021-01-19 00:00:00+00:00,218703
2021-01-20 00:00:00+00:00,219855
2021-01-21 00:00:00+00:00,220995
2021-01-22 00:00:00+00:00,221906
2021-01-23 00:00:00+00:00,222595
2021-01-24 00:00:00+00:00,223329
2021-01-25 00:00:00+00:00,224327
2021-01-26 00:00:00+00:00,225327
2021-01-27 00:00:00+00:00,226484
2021-01-28 00:00:00+00:00,227490
2021-01-29 00:00:00+00:00,228489
2021-01-30 00:00:00+00:00,229276
2021-01-31 00:00:00+00:00,230056
2021-02-01 00:00:00+00:00,231161
2021-02-02 00:00:00+00:00,232287
2021-02-03 00:00:00+00:00,233341
2021-02-04 00:00:00+00:00,234468
2021-02-05 00:00:00+00:00,235564
2021-02-06 00:00:00+00:00,236494
2021-02-07 00:00:00+00:00,237455
2021-02-08 00:00:00+00:00,238537
2021-02-09 00:00:00+00:00,239609
2021-02-10 00:00:00+00:00,240941
2021-02-11 00:00:00+00:00,241952
2021-02-12 00:00:00+00:00,242909
2021-02-13 00:00:00+00:00,243843
2021-02-14 00:00:00+00:00,244692
2021-02-15 00:00:00+00:00,245809
2021-02-16 00:00:00+00:00,246833
2021-02-17 00:00:00+00:00,248081
2021-02-18 00:00:00+00:00,249392
2021-02-19 00:00:00+00:00,250455
2021-02-20 00:00:00+00:00,251317
2021-02-21 00:00:00+00:00,252131
2021-02-22 00:00:00+00:00,253231
2021-02-23 00:00:00+00:00,254343
2021-02-24 00:00:00+00:00,255418
2021-02-25 00:00:00+00:00,256488
2021-02-26 00:00:00+00:00,257440
2021-02-27 00:00:00+00:00,258115
2021-02-28 00:00:00+00:00,258929
2021-03-01 00:00:00+00:00,260016
2021-03-02 00:00:00+00:00,261195
2021-03-03 00:00:00+00:00,262317
2021-03-04 00:00:00+00:00,263582
2021-03-05 00:00:00+00:00,264746
2021-03-06 00:00:00+00:00,265806
2021-03-07 00:00:00+00:00,266808
2021-03-08 00:00:00+00:00,269811
2021-03-09 00:00:00+00:00,271146
2021-03-10 00:00:00+00:00,272301
2021-03-11 00:00:00+00:00,273417
2021-03-12 00:00:00+00:00,274498
2021-03-13 00:00:00+00:00,275526
2021-03-14 00:00:00+00:00,276363
2021-03-15 00:00:00+00:00,277519
2021-03-16 00:00:00+00:00,278730
2021-03-17 00:00:00+00:00,279771
2021-03-18 00:00:00+00:00,280918
2021-03-19 00:00:00+00:00,282208
2021-03-20 00:00:00+00:00,283038
2021-03-21 00:00:00+00:00,283818
2021-03-22 00:00:00+00:00,284836
2021-03-23 00:00:00+00:00,285908
2021-03-24 00:00:00+00:00,286971
2021-03-25 00:00:00+00:00,288170
2021-03-26 00:00:00+00:00,289557
2021-03-27 00:00:00+00:00,290445
2021-03-28 00:00:00+00:00,291356
2021-03-29 00:00:00+00:00,292582
2021-03-30 00:00:00+00:00,293684
2021-03-31 00:00:00+00:00,294855
2021-04-01 00:00:00+00:00,296176
2021-04-02 00:00:00+00:00,297255
2021-04-03 00:00:00+00:00,298149
2021-04-04 00:00:00+00:00,298999
2021-04-05 00:00:00+00:00,300326
2021-04-06 00:00:00+00:00,301358
2021-04-07 00:00:00+00:00,302479
2021-04-08 00:00:00+00:00,303702
2021-04-09 00:00:00+00:00,305500
2021-04-10 00:00:00+00:00,306917
2021-04-11 00:00:00+00:00,309214
2021-04-12 00:00:00+00:00,310985
2021-04-13 00:00:00+00:00,313585
2021-04-14 00:00:00+00:00,315112
2021-04-15 00:00:00+00:00,316571
2021-04-16 00:00:00+00:00,317668
2021-04-17 00:00:00+00:00,318479
2021-04-18 00:00:00+00:00,319564
2021-04-19 00:00:00+00:00,321052
2021-04-20 00:00:00+00:00,322858
2021-04-21 00:00:00+00:00,325246
2021-04-22 00:00:00+00:00,326414
2021-04-23 00:00:00+00:00,327571
2021-04-24 00:00:00+00:00,329319
2021-04-25 00:00:00+00:00,333233
2021-04-26 00:00:00+00:00,335503
2021-04-27 00:00:00+00:00,336956
2021-04-28 00:00:00+00:00,339447
2021-04-29 00:00:00+00:00,342072
2021-04-30 00:00:00+00:00,345471
2021-05-01 00:00:00+00:00,347325
2021-05-02 00:00:00+00:00,348405
2021-05-03 00:00:00+00:00,349551
2021-05-04 00:00:00+00:00,350815
2021-05-05 00:00:00+00:00,352116
2021-05-06 00:00:00+00:00,353275
2021-05-07 00:00:00+00:00,354399
2021-05-08 00:00:00+00:00,355655
2021-05-09 00:00:00+00:00,356992
2021-05-10 00:00:00+00:00,358587
2021-05-11 00:00:00+00:00,360211
2021-05-12 00:00:00+00:00,361843
2021-05-13 00:00:00+00:00,363196
2021-05-14 00:00:00+00:00,364398
2021-05-15 00:00:00+00:00,365608
2021-05-16 00:00:00+00:00,366645
2021-05-17 00:00:00+00:00,367988
2021-05-18 00:00:00+00:00,369606
2021-05-19 00:00:00+00:00,371796
2021-05-20 00:00:00+00:00,373298
2021-05-21 00:00:00+00:00,374629
2021-05-22 00:00:00+00:00,375597
2021-05-23 00:00:00+00:00,376560
2021-05-24 00:00:00+00:00,378450
2021-05-25 00:00:00+00:00,379977
2021-05-26 00:00:00+00:00,382120
2021-05-27 00:00:00+00:00,383529
2021-05-28 00:00:00+00:00,384823
2021-05-29 00:00:00+00:00,385877
2021-05-30 00:00:00+00:00,386700
2021-05-31 00:00:00+00:00,387958
2021-06-01 00:00:00+00:00,389393
2021-06-02 00:00:00+00:00,391610
2021-06-03 00:00:00+00:00,393161
2021-06-04 00:00:00+00:00,394564
2021-06-05 00:00:00+00:00,395599
2021-06-06 00:00:00+00:00,396602
2021-06-07 00:00:00+00:00,398024
2021-06-08 00:00:00+00:00,399870
2021-06-09 00:00:00+00:00,401380
2021-06-10 00:00:00+00:00,403638
2021-06-11 00:00:00+00:00,405732
2021-06-12 00:00:00+00:00,407209
2021-06-13 00:00:00+00:00,408711
2021-06-14 00:00:00+00:00,410284
2021-06-15 00:00:00+00:00,412417
2021-06-16 00:00:00+00:00,414403
2021-06-17 00:00:00+00:00,416251
2021-06-18 00:00:00+00:00,417731
2021-06-19 00:00:00+00:00,418990
2021-06-20 00:00:00+00:00,420640
2021-06-21 00:00:00+00:00,423348
2021-06-22 00:00:00+00:00,425188
2021-06-23 00:00:00+00:00,426883
2021-06-24 00:00:00+00:00,428977
2021-06-25 00:00:00+00:00,431030
2021-06-26 00:00:00+00:00,432601
2021-06-27 00:00:00+00:00,434324
2021-06-28 00:00:00+00:00,436216
2021-06-29 00:00:00+00:00,438274
2021-06-30 00:00:00+00:00,440169
2021-07-01 00:00:00+00:00,442180
2021-07-02 00:00:00+00:00,443961
2021-07-03 00:00:00+00:00,444895
2021-07-04 00:00:00+00:00,446872
2021-07-05 00:00:00+00:00,450763
2021-07-06 00:00:00+00:00,452435
2021-07-07 00:00:00+00:00,454038
2021-07-08 00:00:00+00:00,456226
2021-07-09 00:00:00+00:00,458129
2021-07-10 00:00:00+00:00,459538
2021-07-11 00:00:00+00:00,461259
2021-07-12 00:00:00+00:00,463386
2021-07-13 00:00:00+00:00,465431
2021-07-14 00:00:00+00:00,467683
2021-07-15 00:00:00+00:00,469804
2021-07-16 00:00:00+00:00,471653
2021-07-17 00:00:00+00:00,473133
2021-07-18 00:00:00+00:00,475253
2021-07-19 00:00:00+00:00,478280
2021-07-20 00:00:00+00:00,481329
2021-07-21 00:00:00+00:00,484335
2021-07-22 00:00:00+00:00,487115
2021-07-23 00:00:00+00:00,489839
2021-07-24 00:00:00+00:00,491854
2021-07-25 00:00:00+00:00,493453
2021-07-26 00:00:00+00:00,496038
2021-07-27 00:00:00+00:00,498236
2021-07-28 00:00:00+00:00,500829
2021-07-29 00:00:00+00:00,503216
2021-07-30 00:00:00+00:00,505386
2021-07-31 00:00:00+00:00,507671
2021-08-01 00:00:00+00:00,510775
2021-08-02 00:00:00+00:00,516814
2021-08-03 00:00:00+00:00,522607
2021-08-04 00:00:00+00:00,529089
2021-08-05 00:00:00+00:00,535144
2021-08-06 00:00:00+00:00,541379
2021-08-07 00:00:00+00:00,547183
2021-08-08 00:00:00+00:00,552190
2021-08-09 00:00:00+00:00,556703
2021-08-10 00:00:00+00:00,560708
2021-08-11 00:00:00+00:00,564327
2021-08-12 00:00:00+00:00,568699
2021-08-13 00:00:00+00:00,571731
2021-08-14 00:00:00+00:00,574273
2021-08-15 00:00:00+00:00,577055
2021-08-16 00:00:00+00:00,581207
2021-08-17 00:00:00+00:00,585277
2021-08-18 00:00:00+00:00,589432
2021-08-19 00:00:00+00:00,593309
2021-08-20 00:00:00+00:00,596653
2021-08-21 00:00:00+00:00,599641
2021-08-22 00:00:00+00:00,602604
2021-08-23 00:00:00+00:00,607256
2021-08-24 00:00:00+00:00,611950
2021-08-25 00:00:00+00:00,617151
2021-08-26 00:00:00+00:00,623648
2021-08-27 00:00:00+00:00,631926
2021-08-28 00:00:00+00:00,639903
2021-08-29 00:00:00+00:00,647634
2021-08-30 00:00:00+00:00,656307
2021-08-31 00:00:00+00:00,664395
2021-09-01 00:00:00+00:00,672017
2021-09-02 00:00:00+00:00,677926
2021-09-03 00:00:00+00:00,682477
2021-09-04 00:00:00+00:00,687128
2021-09-05 00:00:00+00:00,690908
2021-09-06 00:00:00+00:00,695698
2021-09-07 00:00:00+00:00,700004
2021-09-08 00:00:00+00:00,703825
2021-09-09 00:00:00+00:00,708556
2021-09-10 00:00:00+00:00,712532
2021-09-11 00:00:00+00:00,716601
2021-09-12 00:00:00+00:00,720798
2021-09-13 00:00:00+00:00,725203
2021-09-14 00:00:00+00:00,730035
2021-09-15 00:00:00+00:00,735830
2021-09-16 00:00:00+00:00,743547
2021-09-17 00:00:00+00:00,750033
2021-09-18 00:00:00+00:00,756906
2021-09-19 00:00:00+00:00,763209
2021-09-20 00:00:00+00:00,769422
2021-09-21 00:00:00+00:00,775428
2021-09-22 00:00:00+00:00,781327
2021-09-23 00:00:00+00:00,787508
2021-09-24 00:00:00+00:00,793178
2021-09-25 00:00:00+00:00,798757
2021-09-26 00:00:00+00:00,804423
2021-09-27 00:00:00+00:00,810325
2021-09-28 00:00:00+00:00,816135
2021-09-29 00:00:00+00:00,822448
2021-09-30 00:00:00+00:00,828688
2021-10-01 00:00:00+00:00,834745
2021-10-02 00:00:00+00:00,840686
2021-10-03 00:00:00+00:00,846215
2021-10-04 00:00:00+00:00,852104
2021-10-05 00:00:00+00:00,858213
2021-10-06 00:00:00+00:00,864140
2021-10-07 00:00:00+00:00,870422
2021-10-08 00:00:00+00:00,876448
2021-10-09 00:00:00+00:00,882597
2021-10-10 00:00:00+00:00,888470
2021-10-11 00:00:00+00:00,894317
2021-10-12 00:00:00+00:00,900119
2021-10-13 00:00:00+00:00,905926
2021-10-14 00:00:00+00:00,911907
2021-10-15 00:00:00+00:00,917636
2021-10-16 00:00:00+00:00,923255
2021-10-17 00:00:00+00:00,928902
2021-10-18 00:00:00+00:00,934869
2021-10-19 00:00:00+00:00,940709
2021-10-20 00:00:00+00:00,946847
2021-10-21 00:00:00+00:00,952748
2021-10-22 00:00:00+00:00,959817
2021-10-23 00:00:00+00:00,965170
2021-10-24 00:00:00+00:00,970291
2021-10-25 00:00:00+00:00,975745
2021-10-26 00:00:00+00:00,981339
2021-10-27 00:00:00+00:00,986846
2021-10-28 00:00:00+00:00,991751
2021-10-29 00:00:00+00:00,996779
2021-10-30 00:00:00+00:00,1001091
2021-10-31 00:00:00+00:00,1005534
2021-11-01 00:00:00+00:00,1010128
2021-11-02 00:00:00+00:00,1015107
2021-11-03 00:00:00+00:00,1020068
2021-11-04 00:00:00+00:00,1024869
2021-11-05 00:00:00+00:00,1029577
2021-11-06 00:00:00+00:00,1034225
2021-11-07 00:00:00+00:00,1038657
2021-11-08 00:00:00+00:00,1043619
2021-11-09 00:00:00+00:00,1048476
2021-11-10 00:00:00+00:00,1053419
2021-11-11 00:00:00+00:00,1058209
2021-11-12 00:00:00+00:00,1062824
2021-11-13 00:00:00+00:00,1066699
2021-11-14 00:00:00+00:00,1070475
2021-11-15 00:00:00+00:00,1074701
2021-11-16 00:00:00+00:00,1078497
2021-11-17 00:00:00+00:00,1082788
2021-11-18 00:00:00+00:00,1087351
2021-11-19 00:00:00+00:00,1091797
2021-11-20 00:00:00+00:00,1095480
2021-11-21 00:00:00+00:00,1099234
2021-11-22 00:00:00+00:00,1103248
2021-11-23 00:00:00+00:00,1107977
2021-11-24 00:00:00+00:00,1112056
2021-11-25 00:00:00+00:00,1115921
2021-11-26 00:00:00+00:00,1120060
2021-11-27 00:00:00+00:00,1123726
2021-11-28 00:00:00+00:00,1127627
2021-11-29 00:00:00+00:00,1131822
2021-11-30 00:00:00+00:00,1135919
2021-12-01 00:00:00+00:00,1140046
2021-12-02 00:00:00+00:00,1144035
2021-12-03 00:00:00+00:00,1147972
2021-12-04 00:00:00+00:00,1151695
2021-12-05 00:00:00+00:00,1155727
2021-12-06 00:00:00+00:00,1160103
2021-12-07 00:00:00+00:00,1164477
2021-12-08 00:00:00+00:00,1169200
2021-12-09 00:00:00+00:00,1172028
2021-12-10 00:00:00+00:00,1174816
2021-12-11 00:00:00+00:00,1177301
2021-12-12 00:00:00+00:00,1179619
2021-12-13 00:00:00+00:00,1182407
2021-12-14 00:00:00+00:00,1185057
2021-12-15 00:00:00+00:00,1187959
2021-12-16 00:00:00+00:00,1191511
2021-12-17 00:00:00+00:00,1196122
2021-12-18 00:00:00+00:00,1198029
2021-12-19 00:00:00+00:00,1199611
2021-12-20 00:00:00+00:00,1201462
2021-12-21 00:00:00+00:00,1204239
2021-12-22 00:00:00+00:00,1207056
2021-12-23 00:00:00+00:00,1210100
2021-12-24 00:00:00+00:00,1213205
2021-12-25 00:00:00+00:00,1215700
2021-12-26 00:00:00+00:00,1218533
2021-12-27 00:00:00+00:00,1221411
2021-12-28 00:00:00+00:00,1224056
2021-12-29 00:00:00+00:00,1227133
2021-12-30 00:00:00+00:00,1230190
2021-12-31 00:00:00+00:00,1233271
2022-01-01 00:00:00+00:00,1236338
2022-01-02 00:00:00+00:00,1239823
2022-01-03 00:00:00+00:00,1243709
2022-01-04 00:00:00+00:00,1247903
2022-01-05 00:00:00+00:00,1255676
2022-01-06 00:00:00+00:00,1264594
2022-01-07 00:00:00+00:00,1272547
2022-01-08 00:00:00+00:00,1285524
2022-01-09 00:00:00+00:00,1294380
2022-01-10 00:00:00+00:00,1303791
2022-01-11 00:00:00+00:00,1313265
2022-01-12 00:00:00+00:00,1322581
2022-01-13 00:00:00+00:00,1332924
2022-01-14 00:00:00+00:00,1342918
2022-01-15 00:00:00+00:00,1352818
2022-01-16 00:00:00+00:00,1363064
2022-01-17 00:00:00+00:00,1373228
2022-01-18 00:00:00+00:00,1384195
2022-01-19 00:00:00+00:00,1399362
2022-01-20 00:00:00+00:00,1413872
2022-01-21 00:00:00+00:00,1426787
2022-01-22 00:00:00+00:00,1437435
2022-01-23 00:00:00+00:00,1447719
2022-01-24 00:00:00+00:00,1458540
2022-01-25 00:00:00+00:00,1468526
2022-01-26 00:00:00+00:00,1481473
2022-01-27 00:00:00+00:00,1490253
2022-01-28 00:00:00+00:00,1499957
2022-01-29 00:00:00+00:00,1508318
2022-01-30 00:00:00+00:00,1517282
2022-01-31 00:00:00+00:00,1526062
2022-02-01 00:00:00+00:00,1532325
2022-02-02 00:00:00+00:00,1538362
2022-02-03 00:00:00+00:00,1544443
2022-02-04 00:00:00+00:00,1550089
2022-02-05 00:00:00+00:00,1555516
2022-02-06 00:00:00+00:00,1561144
2022-02-07 00:00:00+00:00,1566958
2022-02-08 00:00:00+00:00,1572386
2022-02-09 00:00:00+00:00,1577799
2022-02-10 00:00:00+00:00,1583606
2022-02-11 00:00:00+00:00,1588449
2022-02-12 00:00:00+00:00,1591312
2022-02-13 00:00:00+00:00,1594184
2022-02-14 00:00:00+00:00,1597403
2022-02-15 00:00:00+00:00,1600703
2022-02-16 00:00:00+00:00,1603919
2022-02-17 00:00:00+00:00,1607254
2022-02-18 00:00:00+00:00,1610668
2022-02-19 00:00:00+00:00,1613816
2022-02-20 00:00:00+00:00,1616708
2022-02-21 00:00:00+00:00,1619815
2022-02-22 00:00:00+00:00,1622947
2022-02-23 00:00:00+00:00,1626833
2022-02-24 00:00:00+00:00,1630248
2022-02-25 00:00:00+00:00,1633830
2022-02-26 00:00:00+00:00,1637502
2022-02-27 00:00:00+00:00,1641768
2022-02-28 00:00:00+00:00,1646471
2022-03-01 00:00:00+00:00,1651457
2022-03-02 00:00:00+00:00,1656942
2022-03-03 00:00:00+00:00,1661219
2022-03-04 00:00:00+00:00,1665808
2022-03-05 00:00:00+00:00,1669672
2022-03-06 00:00:00+00:00,1674061
2022-03-07 00:00:00+00:00,1678507
2022-03-08 00:00:00+00:00,1683083
2022-03-09 00:00:00+00:00,1687663
2022-03-10 00:00:00+00:00,1691982
2022-03-11 00:00:00+00:00,1696239
2022-03-12 00:00:00+00:00,1699657
2022-03-13 00:00:00+00:00,1703255
2022-03-14 00:00:00+00:00,1707611
2022-03-15 00:00:00+00:00,1711263
2022-03-16 00:00:00+00:00,1715500
2022-03-17 00:00:00+00:00,1719863
2022-03-18 00:00:00+00:00,1723876
2022-03-19 00:00:00+00:00,1727387
2022-03-20 00:00:00+00:00,1731762
2022-03-21 00:00:00+00:00,1736317
2022-03-22 00:00:00+00:00,1741379
2022-03-23 00:00:00+00:00,1746015
2022-03-24 00:00:00+00:00,1750646
2022-03-25 00:00:00+00:00,1754741
2022-03-26 00:00:00+00:00,1758850
2022-03-27 00:00:00+00:00,1762857
2022-03-28 00:00:00+00:00,1767325
2022-03-29 00:00:00+00:00,1771343
2022-03-30 00:00:00+00:00,1775232
2022-03-31 00:00:00+00:00,1778696
2022-04-01 00:00:00+00:00,1782600
2022-04-02 00:00:00+00:00,1786212
2022-04-03 00:00:00+00:00,1790721
2022-04-04 00:00:00+00:00,1795226
2022-04-05 00:00:00+00:00,1799520
2022-04-06 00:00:00+00:00,1803744
2022-04-07 00:00:00+00:00,1807964
2022-04-08 00:00:00+00:00,1812178
2022-04-09 00:00:00+00:00,1816398
2022-04-10 00:00:00+00:00,1820512
2022-04-11 00:00:00+00:00,1824329
2022-04-12 00:00:00+00:00,1828507
2022-04-13 00:00:00+00:00,1833471
2022-04-14 00:00:00+00:00,1838139
2022-04-15 00:00:00+00:00,1842617
2022-04-16 00:00:00+00:00,1846204
2022-04-17 00:00:00+00:00,1851083
2022-04-18 00:00:00+00:00,1855525
2022-04-19 00:00:00+00:00,1859846
2022-04-20 00:00:00+00:00,1864356
2022-04-21 00:00:00+00:00,1868235
2022-04-22 00:00:00+00:00,1871440
2022-04-23 00:00:00+00:00,1874113
2022-04-24 00:00:00+00:00,1876304
2022-04-25 00:00:00+00:00,1879139
2022-04-26 00:00:00+00:00,1881976
2022-04-27 00:00:00+00:00,1884879
2022-04-28 00:00:00+00:00,1888114
2022-04-29 00:00:00+00:00,1891149
2022-04-30 00:00:00+00:00,1893977
2022-05-01 00:00:00+00:00,1896550
2022-05-02 00:00:00+00:00,1899013
2022-05-03 00:00:00+00:00,1901328
2022-05-04 00:00:00+00:00,1903631
2022-05-05 00:00:00+00:00,1906377
2022-05-06 00:00:00+00:00,1908898
2022-05-07 00:00:00+00:00,1911930
2022-05-08 00:00:00+00:00,1915494
2022-05-09 00:00:00+00:00,1919335
2022-05-10 00:00:00+00:00,1922458
2022-05-11 00:00:00+00:00,1925775
2022-05-12 00:00:00+00:00,1928897
2022-05-13 00:00:00+00:00,1931769
2022-05-14 00:00:00+00:00,1935064
2022-05-15 00:00:00+00:00,1938369
2022-05-16 00:00:00+00:00,1941878
2022-05-17 00:00:00+00:00,1945249
2022-05-18 00:00:00+00:00,1948713
2022-05-19 00:00:00+00:00,1952033
2022-05-20 00:00:00+00:00,1955390
2022-05-21 00:00:00+00:00,1958056
2022-05-22 00:00:00+00:00,1960312
2022-05-23 00:00:00+00:00,1962287
2022-05-24 00:00:00+00:00,1964125
2022-05-25 00:00:00+00:00,1966064
2022-05-26 00:00:00+00:00,1967889
2022-05-27 00:00:00+00:00,1969757
2022-05-28 00:00:00+00:00,1971199
2022-05-29 00:00:00+00:00,1972596
2022-05-30 00:00:00+00:00,1973846
2022-05-31 00:00:00+00:00,1975520
2022-06-01 00:00:00+00:00,1977298
2022-06-02 00:00:00+00:00,1979005
2022-06-03 00:00:00+00:00,1980453
2022-06-04 00:00:00+00:00,1981643
2022-06-05 00:00:00+00:00,1983683
2022-06-06 00:00:00+00:00,1985172
2022-06-07 00:00:00+00:00,1986801
2022-06-08 00:00:00+00:00,1988407
2022-06-09 00:00:00+00:00,1989862
2022-06-10 00:00:00+00:00,1991930
2022-06-11 00:00:00+00:00,1993249
2022-06-12 00:00:00+00:00,1994278
2022-06-13 00:00:00+00:00,1995968
2022-06-14 00:00:00+00:00,1997435
2022-06-15 00:00:00+00:00,1998917
2022-06-16 00:00:00+00:00,2000455
2022-06-17 00:00:00+00:00,2001976
2022-06-18 00:00:00+00:00,2003538
2022-06-19 00:00:00+00:00,2005070
2022-06-20 00:00:00+00:00,2006831
2022-06-21 00:00:00+00:00,2008651
2022-06-22 00:00:00+00:00,2010532
2022-06-23 00:00:00+00:00,2012438
2022-06-24 00:00:00+00:00,2014448
2022-06-25 00:00:00+00:00,2016202
2022-06-26 00:00:00+00:00,2018058
2022-06-27 00:00:00+00:00,2020007
2022-06-28 00:00:00+00:00,2024061
2022-06-29 00:00:00+00:00,2026600
2022-06-30 00:00:00+00:00,2028354
2022-07-01 00:00:00+00:00,2030230
2022-07-02 00:00:00+00:00,2031876
2022-07-03 00:00:00+00:00,2033600
2022-07-04 00:00:00+00:00,2035408
2022-07-05 00:00:00+00:00,2037279
2022-07-06 00:00:00+00:00,2039264
2022-07-07 00:00:00+00:00,2041184
2022-07-08 00:00:00+00:00,2042975
2022-07-09 00:00:00+00:00,2044504
2022-07-10 00:00:00+00:00,2046138
2022-07-11 00:00:00+00:00,2047929
2022-07-12 00:00:00+00:00,2049929
2022-07-13 00:00:00+00:00,2052174
2022-07-14 00:00:00+00:00,2053977
2022-07-15 00:00:00+00:00,2055484
2022-07-16 00:00:00+00:00,2056828
2022-07-17 00:00:00+00:00,2057940
2022-07-18 00:00:00+00:00,2059497
2022-07-19 00:00:00+00:00,2061092
2022-07-20 00:00:00+00:00,2062791
2022-07-21 00:00:00+00:00,2064686
2022-07-22 00:00:00+00:00,2066971
2022-07-23 00:00:00+00:00,2068586
2022-07-24 00:00:00+00:00,2069910
2022-07-25 00:00:00+00:00,2071525
2022-07-26 00:00:00+00:00,2073501
2022-07-27 00:00:00+00:00,2075243
2022-07-28 00:00:00+00:00,2076953
2022-07-29 00:00:00+00:00,2078532
2022-07-30 00:00:00+00:00,2080116
2022-07-31 00:00:00+00:00,2081745
2022-08-01 00:00:00+00:00,2083631
2022-08-02 00:00:00+00:00,2085448
2022-08-03 00:00:00+00:00,2087308
2022-08-04 00:00:00+00:00,2089093
2022-08-05 00:00:00+00:00,2091174
2022-08-06 00:00:00+00:00,2092622
2022-08-07 00:00:00+00:00,2094463
2022-08-08 00:00:00+00:00,2096491
2022-08-09 00:00:00+00:00,2098379
2022-08-10 00:00:00+00:00,2100523
2022-08-11 00:00:00+00:00,2102265
2022-08-12 00:00:00+00:00,2104030
2022-08-13 00:00:00+00:00,2106951
2022-08-14 00:00:00+00:00,2110275
2022-08-15 00:00:00+00:00,2111809
2022-08-16 00:00:00+00:00,2113915
2022-08-17 00:00:00+00:00,2115771
2022-08-18 00:00:00+00:00,2117602
2022-08-19 00:00:00+00:00,2119430
2022-08-20 00:00:00+00:00,2120937
2022-08-21 00:00:00+00:00,2122407
2022-08-22 00:00:00+00:00,2124224
2022-08-23 00:00:00+00:00,2126296
2022-08-24 00:00:00+00:00,2128432
2022-08-25 00:00:00+00:00,2130349
2022-08-26 00:00:00+00:00,2133886
2022-08-27 00:00:00+00:00,2136251
2022-08-28 00:00:00+00:00,2137809
2022-08-29 00:00:00+00:00,2140071
2022-08-30 00:00:00+00:00,2141954
2022-08-31 00:00:00+00:00,2144477
2022-09-01 00:00:00+00:00,2146448
2022-09-02 00:00:00+00:00,2148306
2022-09-03 00:00:00+00:00,2149605
2022-09-04 00:00:00+00:00,2151223
2022-09-05 00:00:00+00:00,2152998
2022-09-06 00:00:00+00:00,2154897
2022-09-07 00:00:00+00:00,2156643
2022-09-08 00:00:00+00:00,2158680
2022-09-09 00:00:00+00:00,2160581
2022-09-10 00:00:00+00:00,2162256
2022-09-11 00:00:00+00:00,2164382
2022-09-12 00:00:00+00:00,2166444
2022-09-13 00:00:00+00:00,2168595
2022-09-14 00:00:00+00:00,2170879
2022-09-15 00:00:00+00:00,2172858
2022-09-16 00:00:00+00:00,2174859
2022-09-17 00:00:00+00:00,2176213
2022-09-18 00:00:00+00:00,2177565
2022-09-19 00:00:00+00:00,2179228
2022-09-20 00:00:00+00:00,2181245
2022-09-21 00:00:00+00:00,2182993
2022-09-22 00:00:00+00:00,2184914
2022-09-23 00:00:00+00:00,2186736
2022-09-24 00:00:00+00:00,2188028
2022-09-25 00:00:00+00:00,2189536
2022-09-26 00:00:00+00:00,2191545
2022-09-27 00:00:00+00:00,2193566
2022-09-28 00:00:00+00:00,2195524
2022-09-29 00:00:00+00:00,2197600
2022-09-30 00:00:00+00:00,2199363
2022-10-01 00:00:00+00:00,2200911
2022-10-02 00:00:00+00:00,2202499
2022-10-03 00:00:00+00:00,2204369
2022-10-04 00:00:00+00:00,2206395
2022-10-05 00:00:00+00:00,2208517
2022-10-06 00:00:00+00:00,2210753
2022-10-07 00:00:00+00:00,2212978
2022-10-08 00:00:00+00:00,2214966
2022-10-09 00:00:00+00:00,2216730
2022-10-10 00:00:00+00:00,2218967
2022-10-11 00:00:00+00:00,2221494
2022-10-12 00:00:00+00:00,2223767
2022-10-13 00:00:00+00:00,2226138
2022-10-14 00:00:00+00:00,2228014
2022-10-15 00:00:00+00:00,2229944
2022-10-16 00:00:00+00:00,2231635
2022-10-17 00:00:00+00:00,2233846
2022-10-18 00:00:00+00:00,2236053
2022-10-19 00:00:00+00:00,2238451
2022-10-20 00:00:00+00:00,2241510
2022-10-21 00:00:00+00:00,2244154
2022-10-22 00:00:00+00:00,2246289
2022-10-23 00:00:00+00:00,2248390
2022-10-24 00:00:00+00:00,2250965
2022-10-25 00:00:00+00:00,2254243
2022-10-26 00:00:00+00:00,2257163
2022-10-27 00:00:00+00:00,2260067
2022-10-28 00:00:00+00:00,2262724
2022-10-29 00:00:00+00:00,2264752
2022-10-30 00:00:00+00:00,2266815
2022-10-31 00:00:00+00:00,2269288
2022-11-01 00:00:00+00:00,2271926
2022-11-02 00:00:00+00:00,2274650
2022-11-03 00:00:00+00:00,2277268
2022-11-04 00:00:00+00:00,2279943
2022-11-05 00:00:00+00:00,2281988
2022-11-06 00:00:00+00:00,2284276
2022-11-07 00:00:00+00:00,2287271
2022-11-08 00:00:00+00:00,2289543
2022-11-09 00:00:00+00:00,2292879
2022-11-10 00:00:00+00:00,2296421
2022-11-11 00:00:00+00:00,2298666
2022-11-12 00:00:00+00:00,2300323
2022-11-13 00:00:00+00:00,2302201
2022-11-14 00:00:00+00:00,2304183
2022-11-15 00:00:00+00:00,2306640
2022-11-16 00:00:00+00:00,2308748
2022-11-17 00:00:00+00:00,2310806
2022-11-18 00:00:00+00:00,2312747
2022-11-19 00:00:00+00:00,2314343
2022-11-20 00:00:00+00:00,2315950
2022-11-21 00:00:00+00:00,2317980
2022-11-22 00:00:00+00:00,2320324
2022-11-23 00:00:00+00:00,2322536
2022-11-24 00:00:00+00:00,2324551
2022-11-25 00:00:00+00:00,2326350
2022-11-26 00:00:00+00:00,2327816
2022-11-27 00:00:00+00:00,2329130
2022-11-28 00:00:00+00:00,2331034
2022-11-29 00:00:00+00:00,2332735
2022-11-30 00:00:00+00:00,2334554
2022-12-01 00:00:00+00:00,2336446
2022-12-02 00:00:00+00:00,2338129
2022-12-03 00:00:00+00:00,2339396
2022-12-04 00:00:00+00:00,2340803
2022-12-05 00:00:00+00:00,2342658
2022-12-06 00:00:00+00:00,2344907
2022-12-07 00:00:00+00:00,2347003
2022-12-08 00:00:00+00:00,2348832
2022-12-09 00:00:00+00:00,2350600
2022-12-10 00:00:00+00:00,2352053
2022-12-11 00:00:00+00:00,2353363
2022-12-12 00:00:00+00:00,2355397
2022-12-13 00:00:00+00:00,2357376
2022-12-14 00:00:00+00:00,2359381
2022-12-15 00:00:00+00:00,2361354
2022-12-16 00:00:00+00:00,2363125
2022-12-17 00:00:00+00:00,2364498
2022-12-18 00:00:00+00:00,2365698
2022-12-19 00:00:00+00:00,2367413
2022-12-20 00:00:00+00:00,2369229
2022-12-21 00:00:00+00:00,2371263
2022-12-22 00:00:00+00:00,2373058
2022-12-23 00:00:00+00:00,2374509
2022-12-24 00:00:00+00:00,2375698
2022-12-25 00:00:00+00:00,2376824
2022-12-26 00:00:00+00:00,2378228
2022-12-27 00:00:00+00:00,2379607
2022-12-28 00:00:00+00:00,2381085
2022-12-29 00:00:00+00:00,2382550
2022-12-30 00:00:00+00:00,2383865
2022-12-31 00:00:00+00:00,2384912
2023-01-01 00:00:00+00:00,2385889
2023-01-02 00:00:00+00:00,2387432
2023-01-03 00:00:00+00:00,2389180
2023-01-04 00:00:00+00:00,2390990
2023-01-05 00:00:00+00:00,2392717
2023-01-06 00:00:00+00:00,2394430
2023-01-07 00:00:00+00:00,2395689
2023-01-08 00:00:00+00:00,2396965
2023-01-09 00:00:00+00:00,2398828
2023-01-10 00:00:00+00:00,2403322
2023-01-11 00:00:00+00:00,2405409
2023-01-12 00:00:00+00:00,2407404
2023-01-13 00:00:00+00:00,2409207
2023-01-14 00:00:00+00:00,2410419
2023-01-15 00:00:00+00:00,2411741
2023-01-16 00:00:00+00:00,2413552
2023-01-17 00:00:00+00:00,2415765
2023-01-18 00:00:00+00:00,2417731
2023-01-19 00:00:00+00:00,2419667
2023-01-20 00:00:00+00:00,2421636
2023-01-21 00:00:00+00:00,2423040
2023-01-22 00:00:00+00:00,2424356
2023-01-23 00:00:00+00:00,2426325
2023-01-24 00:00:00+00:00,2428506
2023-01-25 00:00:00+00:00,2430568
2023-01-26 00:00:00+00:00,2432517
2023-01-27 00:00:00+00:00,2435741
2023-01-28 00:00:00+00:00,2437099
2023-01-29 00:00:00+00:00,2438516
2023-01-30 00:00:00+00:00,2440561
2023-01-31 00:00:00+00:00,2443255
2023-02-01 00:00:00+00:00,2445442
2023-02-02 00:00:00+00:00,2447637
2023-02-03 00:00:00+00:00,2449835
2023-02-04 00:00:00+00:00,2451242
2023-02-05 00:00:00+00:00,2452625
2023-02-06 00:00:00+00:00,2455241
2023-02-07 00:00:00+00:00,2457427
2023-02-08 00:00:00+00:00,2461274
2023-02-09 00:00:00+00:00,2466101
2023-02-10 00:00:00+00:00,2470607
2023-02-11 00:00:00+00:00,2471815
2023-02-12 00:00:00+00:00,2473070
2023-02-13 00:00:00+00:00,2476692
2023-02-14 00:00:00+00:00,2480592
2023-02-15 00:00:00+00:00,2484271
2023-02-16 00:00:00+00:00,2487351
2023-02-17 00:00:00+00:00,2490342
2023-02-18 00:00:00+00:00,2491887
2023-02-19 00:00:00+00:00,2493327
2023-02-20 00:00:00+00:00,2497006
2023-02-21 00:00:00+00:00,2500653
2023-02-22 00:00:00+00:00,2504626
2023-02-23 00:00:00+00:00,2508601
2023-02-24 00:00:00+00:00,2511538
2023-02-25 00:00:00+00:00,2513063
2023-02-26 00:00:00+00:00,2514591
2023-02-27 00:00:00+00:00,2519644
2023-02-28 00:00:00+00:00,2525303
2023-03-01 00:00:00+00:00,2530813
2023-03-02 00:00:00+00:00,2536663
2023-03-03 00:00:00+00:00,2540033
2023-03-04 00:00:00+00:00,2541659
2023-03-05 00:00:00+00:00,2543241
2023-03-06 00:00:00+00:00,2545897
2023-03-07 00:00:00+00:00,2548410
2023-03-08 00:00:00+00:00,2553480
2023-03-09 00:00:00+00:00,2555981
2023-03-10 00:00:00+00:00,2558260
2023-03-11 00:00:00+00:00,2559846
2023-03-12 00:00:00+00:00,2561390
2023-03-13 00:00:00+00:00,2563999
2023-03-14 00:00:00+00:00,2566424
2023-03-15 00:00:00+00:00,2568983
2023-03-16 00:00:00+00:00,2571408
2023-03-17 00:00:00+00:00,2573877
2023-03-18 00:00:00+00:00,2575516
2023-03-19 00:00:00+00:00,2577181
2023-03-20 00:00:00+00:00,2579757
2023-03-21 00:00:00+00:00,2582261
2023-03-22 00:00:00+00:00,2584769
2023-03-23 00:00:00+00:00,2587395
2023-03-24 00:00:00+00:00,2589932
2023-03-25 00:00:00+00:00,2591569
2023-03-26 00:00:00+00:00,2593337
2023-03-27 00:00:00+00:00,2595979
2023-03-28 00:00:00+00:00,2598648
2023-03-29 00:00:00+00:00,2600737
2023-03-30 00:00:00+00:00,2603436
2023-03-31 00:00:00+00:00,2605694
2023-04-01 00:00:00+00:00,2607173
2023-04-02 00:00:00+00:00,2608625
2023-04-03 00:00:00+00:00,2611429
2023-04-04 00:00:00+00:00,2614110
2023-04-05 00:00:00+00:00,2616693
2023-04-06 00:00:00+00:00,2619319
2023-04-07 00:00:00+00:00,2621340
2023-04-08 00:00:00+00:00,2622591
2023-04-09 00:00:00+00:00,2623893
2023-04-10 00:00:00+00:00,2626215
2023-04-11 00:00:00+00:00,2628972
2023-04-12 00:00:00+00:00,2631801
2023-04-13 00:00:00+00:00,2634397
2023-04-14 00:00:00+00:00,2636754
2023-04-15 00:00:00+00:00,2638162
2023-04-16 00:00:00+00:00,2639814
2023-04-17 00:00:00+00:00,2642312
2023-04-18 00:00:00+00:00,2644995
2023-04-19 00:00:00+00:00,2647359
2023-04-20 00:00:00+00:00,2649824
2023-04-21 00:00:00+00:00,2652088
2023-04-22 00:00:00+00:00,2653660
2023-04-23 00:00:00+00:00,2655157
2023-04-24 00:00:00+00:00,2657745
2023-04-25 00:00:00+00:00,2660260
2023-04-26 00:00:00+00:00,2662622
2023-04-27 00:00:00+00:00,2664902
2023-04-28 00:00:00+00:00,2667483
2023-04-29 00:00:00+00:00,2668484
2023-04-30 00:00:00+00:00,2669666
2023-05-01 00:00:00+00:00,2671666
2023-05-02 00:00:00+00:00,2674012
2023-05-03 00:00:00+00:00,2676115
2023-05-04 00:00:00+00:00,2678385
2023-05-05 00:00:00+00:00,2680462
2023-05-06 00:00:00+00:00,2681928
2023-05-07 00:00:00+00:00,2683207
2023-05-08 00:00:00+00:00,2685544
2023-05-09 00:00:00+00:00,2687921
2023-05-10 00:00:00+00:00,2690677
2023-05-11 00:00:00+00:00,2693159
2023-05-12 00:00:00+00:00,2695484
2023-05-13 00:00:00+00:00,2696661
2023-05-14 00:00:00+00:00,2697787
2023-05-15 00:00:00+00:00,2700677
2023-05-16 00:00:00+00:00,2703553
2023-05-17 00:00:00+00:00,2706028
2023-05-18 00:00:00+00:00,2708373
2023-05-19 00:00:00+00:00,2710533
2023-05-20 00:00:00+00:00,2711993
2023-05-21 00:00:00+00:00,2713360
2023-05-22 00:00:00+00:00,2715989
2023-05-23 00:00:00+00:00,2718496
2023-05-24 00:00:00+00:00,2721114
2023-05-25 00:00:00+00:00,2723931
2023-05-26 00:00:00+00:00,2726234
2023-05-27 00:00:00+00:00,2727386
2023-05-28 00:00:00+00:00,2728437
2023-05-29 00:00:00+00:00,2730354
2023-05-30 00:00:00+00:00,2733094
2023-05-31 00:00:00+00:00,2735938
2023-06-01 00:00:00+00:00,2738823
2023-06-02 00:00:00+00:00,2741259
2023-06-03 00:00:00+00:00,2742721
2023-06-04 00:00:00+00:00,2744022
2023-06-05 00:00:00+00:00,2746915
2023-06-06 00:00:00+00:00,2750110
2023-06-07 00:00:00+00:00,2753895
2023-06-08 00:00:00+00:00,2757240
2023-06-09 00:00:00+00:00,2760179
2023-06-10 00:00:00+00:00,2762210
2023-06-11 00:00:00+00:00,2764037
2023-06-12 00:00:00+00:00,2766829
2023-06-13 00:00:00+00:00,2769920
2023-06-14 00:00:00+00:00,2772709
2023-06-15 00:00:00+00:00,2775673
2023-06-16 00:00:00+00:00,2778541
2023-06-17 00:00:00+00:00,2780343
2023-06-18 00:00:00+00:00,2781689
2023-06-19 00:00:00+00:00,2784364
2023-06-20 00:00:00+00:00,2787128
2023-06-21 00:00:00+00:00,2790356
2023-06-22 00:00:00+00:00,2793412
2023-06-23 00:00:00+00:00,2796436
2023-06-24 00:00:00+00:00,2799069
2023-06-25 00:00:00+00:00,2801658
2023-06-26 00:00:00+00:00,2805299
2023-06-27 00:00:00+00:00,2809141
2023-06-28 00:00:00+00:00,2812736
2023-06-29 00:00:00+00:00,2816149
2023-06-30 00:00:00+00:00,2819697
2023-07-01 00:00:00+00:00,2822210
2023-07-02 00:00:00+00:00,2824564
2023-07-03 00:00:00+00:00,2827726
2023-07-04 00:00:00+00:00,2831006
2023-07-05 00:00:00+00:00,2834289
2023-07-06 00:00:00+00:00,2838135
2023-07-07 00:00:00+00:00,2841992
2023-07-08 00:00:00+00:00,2844325
2023-07-09 00:00:00+00:00,2847050
2023-07-10 00:00:00+00:00,2851312
2023-07-11 00:00:00+00:00,2854907
2023-07-12 00:00:00+00:00,2858207
2023-07-13 00:00:00+00:00,2862120
2023-07-14 00:00:00+00:00,2865953
2023-07-15 00:00:00+00:00,2868261
2023-07-16 00:00:00+00:00,2870572
2023-07-17 00:00:00+00:00,2874575
2023-07-18 00:00:00+00:00,2878282
2023-07-19 00:00:00+00:00,2883432
2023-07-20 00:00:00+00:00,2887036
2023-07-21 00:00:00+00:00,2890682
2023-07-22 00:00:00+00:00,2892798
2023-07-23 00:00:00+00:00,2895685
2023-07-24 00:00:00+00:00,2901982
2023-07-25 00:00:00+00:00,2909343
2023-07-26 00:00:00+00:00,2919798
2023-07-27 00:00:00+00:00,2924643
2023-07-28 00:00:00+00:00,2934768
2023-07-29 00:00:00+00:00,2940573
2023-07-30 00:00:00+00:00,2943836
2023-07-31 00:00:00+00:00,2947381
2023-08-01 00:00:00+00:00,2951358
2023-08-02 00:00:00+00:00,2955172
2023-08-03 00:00:00+00:00,2959623
2023-08-04 00:00:00+00:00,2963261
2023-08-05 00:00:00+00:00,2965419
2023-08-06 00:00:00+00:00,2968688
2023-08-07 00:00:00+00:00,2997218
2023-08-08 00:00:00+00:00,3001921
2023-08-09 00:00:00+00:00,3005975
2023-08-10 00:00:00+00:00,3010254
2023-08-11 00:00:00+00:00,3014027
2023-08-12 00:00:00+00:00,3016875
2023-08-13 00:00:00+00:00,3019884
2023-08-14 00:00:00+00:00,3023788
2023-08-15 00:00:00+00:00,3028102
2023-08-16 00:00:00+00:00,3032673
2023-08-17 00:00:00+00:00,3036866
2023-08-18 00:00:00+00:00,3041085
2023-08-19 00:00:00+00:00,3044084
2023-08-20 00:00:00+00:00,3048050
2023-08-21 00:00:00+00:00,3052609
2023-08-22 00:00:00+00:00,3056940
2023-08-23 00:00:00+00:00,3061031
2023-08-24 00:00:00+00:00,3065440
2023-08-25 00:00:00+00:00,3069476
2023-08-26 00:00:00+00:00,3071615
2023-08-27 00:00:00+00:00,3074037
2023-08-28 00:00:00+00:00,3077988
2023-08-29 00:00:00+00:00,3081366
2023-08-30 00:00:00+00:00,3084920
2023-08-31 00:00:00+00:00,3087965
2023-09-01 00:00:00+00:00,3090655
2023-09-02 00:00:00+00:00,3092167
2023-09-03 00:00:00+00:00,3093826
2023-09-04 00:00:00+00:00,3096455
2023-09-05 00:00:00+00:00,3100196
2023-09-06 00:00:00+00:00,3103841
2023-09-07 00:00:00+00:00,3107647
2023-09-08 00:00:00+00:00,3110698
2023-09-09 00:00:00+00:00,3112502
2023-09-10 00:00:00+00:00,3116243
2023-09-11 00:00:00+00:00,3120388
2023-09-12 00:00:00+00:00,3124044
2023-09-13 00:00:00+00:00,3127740
2023-09-14 00:00:00+00:00,3131121
2023-09-15 00:00:00+00:00,3134176
2023-09-16 00:00:00+00:00,3136014
2023-09-17 00:00:00+00:00,3138582
2023-09-18 00:00:00+00:00,3141822
2023-09-19 00:00:00+00:00,3145428
2023-09-20 00:00:00+00:00,3148649
2023-09-21 00:00:00+00:00,3151956
2023-09-22 00:00:00+00:00,3155504
2023-09-23 00:00:00+00:00,3157716
2023-09-24 00:00:00+00:00,3160826
2023-09-25 00:00:00+00:00,3164881
2023-09-26 00:00:00+00:00,3168501
2023-09-27 00:00:00+00:00,3172186
2023-09-28 00:00:00+00:00,3175400
2023-09-29 00:00:00+00:00,3178477
2023-09-30 00:00:00+00:00,3180266
2023-10-01 00:00:00+00:00,3182310
2023-10-02 00:00:00+00:00,3185800
2023-10-03 00:00:00+00:00,3189860
2023-10-04 00:00:00+00:00,3193590
2023-10-05 00:00:00+00:00,3197225
2023-10-06 00:00:00+00:00,3200898
2023-10-07 00:00:00+00:00,3202488
2023-10-08 00:00:00+00:00,3204457
2023-10-09 00:00:00+00:00,3207926
2023-10-10 00:00:00+00:00,3211517
2023-10-11 00:00:00+00:00,3215060
2023-10-12 00:00:00+00:00,3218478
2023-10-13 00:00:00+00:00,3221944
2023-10-14 00:00:00+00:00,3223895
2023-10-15 00:00:00+00:00,3225443
2023-10-16 00:00:00+00:00,3229073
2023-10-17 00:00:00+00:00,3232636
2023-10-18 00:00:00+00:00,3236706
2023-10-19 00:00:00+00:00,3240551
2023-10-20 00:00:00+00:00,3244372
2023-10-21 00:00:00+00:00,3246142
2023-10-22 00:00:00+00:00,3247797
2023-10-23 00:00:00+00:00,3251795
2023-10-24 00:00:00+00:00,3255668
2023-10-25 00:00:00+00:00,3259167
2023-10-26 00:00:00+00:00,3262617
2023-10-27 00:00:00+00:00,3266036
2023-10-28 00:00:00+00:00,3267523
2023-10-29 00:00:00+00:00,3269106
2023-10-30 00:00:00+00:00,3272928
2023-10-31 00:00:00+00:00,3276880
2023-11-01 00:00:00+00:00,3280479
2023-11-02 00:00:00+00:00,3284572
2023-11-03 00:00:00+00:00,3287747
2023-11-04 00:00:00+00:00,3289285
2023-11-05 00:00:00+00:00,3290977
2023-11-06 00:00:00+00:00,3294576
2023-11-07 00:00:00+00:00,3298234
2023-11-08 00:00:00+00:00,3302237
2023-11-09 00:00:00+00:00,3305957
2023-11-10 00:00:00+00:00,3308978
2023-11-11 00:00:00+00:00,3310525
2023-11-12 00:00:00+00:00,3312680
2023-11-13 00:00:00+00:00,3317086
2023-11-14 00:00:00+00:00,3322303
2023-11-15 00:00:00+00:00,3326199
2023-11-16 00:00:00+00:00,3329976
2023-11-17 00:00:00+00:00,3333430
2023-11-18 00:00:00+00:00,3335082
2023-11-19 00:00:00+00:00,3336911
2023-11-20 00:00:00+00:00,3341064
2023-11-21 00:00:00+00:00,3344867
2023-11-22 00:00:00+00:00,3348526
2023-11-23 00:00:00+00:00,3351426
2023-11-24 00:00:00+00:00,3354063
2023-11-25 00:00:00+00:00,3355620
2023-11-26 00:00:00+00:00,3357267
2023-11-27 00:00:00+00:00,3362074
2023-11-28 00:00:00+00:00,3366609
2023-11-29 00:00:00+00:00,3370698
2023-11-30 00:00:00+00:00,3375937
2023-12-01 00:00:00+00:00,3382016
2023-12-02 00:00:00+00:00,3386738
2023-12-03 00:00:00+00:00,3391191
2023-12-04 00:00:00+00:00,3396525
2023-12-05 00:00:00+00:00,3401771
2023-12-06 00:00:00+00:00,3406902
2023-12-07 00:00:00+00:00,3410989
2023-12-08 00:00:00+00:00,3414697
2023-12-09 00:00:00+00:00,3416767
2023-12-10 00:00:00+00:00,3418729
2023-12-11 00:00:00+00:00,3422619
2023-12-12 00:00:00+00:00,3426791
2023-12-13 00:00:00+00:00,3431213
2023-12-14 00:00:00+00:00,3437271
2023-12-15 00:00:00+00:00,3442929
2023-12-16 00:00:00+00:00,3447785
2023-12-17 00:00:00+00:00,3452663
2023-12-18 00:00:00+00:00,3458701
2023-12-19 00:00:00+00:00,3464667
2023-12-20 00:00:00+00:00,3470486
2023-12-21 00:00:00+00:00,3478650
2023-12-22 00:00:00+00:00,3484792
2023-12-23 00:00:00+00:00,3489171
2023-12-24 00:00:00+00:00,3493112
2023-12-25 00:00:00+00:00,3500624
2023-12-26 00:00:00+00:00,3508025
2023-12-27 00:00:00+00:00,3516861
2023-12-28 00:00:00+00:00,3522540
2023-12-29 00:00:00+00:00,3527014
2023-12-30 00:00:00+00:00,3529922
2023-12-31 00:00:00+00:00,3533613
2024-01-01 00:00:00+00:00,3537335
2024-01-02 00:00:00+00:00,3542690
2024-01-03 00:00:00+00:00,3548065
2024-01-04 00:00:00+00:00,3553885
2024-01-05 00:00:00+00:00,3558902
2024-01-06 00:00:00+00:00,3560884
2024-01-07 00:00:00+00:00,3562877
2024-01-08 00:00:00+00:00,3567059
2024-01-09 00:00:00+00:00,3571728
2024-01-10 00:00:00+00:00,3576478
2024-01-11 00:00:00+00:00,3581227
2024-01-12 00:00:00+00:00,3585571
2024-01-13 00:00:00+00:00,3587509
2024-01-14 00:00:00+00:00,3589385
2024-01-15 00:00:00+00:00,3592985
2024-01-16 00:00:00+00:00,3596929
2024-01-17 00:00:00+00:00,3601264
2024-01-18 00:00:00+00:00,3605963
2024-01-19 00:00:00+00:00,3610344
2024-01-20 00:00:00+00:00,3613446
2024-01-21 00:00:00+00:00,3616626
2024-01-22 00:00:00+00:00,3623292
2024-01-23 00:00:00+00:00,3628159
2024-01-24 00:00:00+00:00,3632556
2024-01-25 00:00:00+00:00,3637067
2024-01-26 00:00:00+00:00,3641000
2024-01-27 00:00:00+00:00,3642523
2024-01-28 00:00:00+00:00,3644191
2024-01-29 00:00:00+00:00,3648971
2024-01-30 00:00:00+00:00,3653687
2024-01-31 00:00:00+00:00,3658067
2024-02-01 00:00:00+00:00,3662389
2024-02-02 00:00:00+00:00,3666534
2024-02-03 00:00:00+00:00,3668079
2024-02-04 00:00:00+00:00,3669918
2024-02-05 00:00:00+00:00,3674551
2024-02-06 00:00:00+00:00,3678927
2024-02-07 00:00:00+00:00,3683178
2024-02-08 00:00:00+00:00,3687579
2024-02-09 00:00:00+00:00,3694560
2024-02-10 00:00:00+00:00,3697550
2024-02-11 00:00:00+00:00,3700405
2024-02-12 00:00:00+00:00,3704730
2024-02-13 00:00:00+00:00,3709224
2024-02-14 00:00:00+00:00,3713499
2024-02-15 00:00:00+00:00,3717708
2024-02-16 00:00:00+00:00,3721722
2024-02-17 00:00:00+00:00,3723387
2024-02-18 00:00:00+00:00,3725220
2024-02-19 00:00:00+00:00,3729485
2024-02-20 00:00:00+00:00,3734109
2024-02-21 00:00:00+00:00,3738944
2024-02-22 00:00:00+00:00,3743724
2024-02-23 00:00:00+00:00,3748071
2024-02-24 00:00:00+00:00,3749724
2024-02-25 00:00:00+00:00,3751285
2024-02-26 00:00:00+00:00,3756200
2024-02-27 00:00:00+00:00,3760680
2024-02-28 00:00:00+00:00,3766976
2024-02-29 00:00:00+00:00,3772892
2024-03-01 00:00:00+00:00,3777980
2024-03-02 00:00:00+00:00,3779653
2024-03-03 00:00:00+00:00,3781368
2024-03-04 00:00:00+00:00,3786290
2024-03-05 00:00:00+00:00,3791592
2024-03-06 00:00:00+00:00,3796816
2024-03-07 00:00:00+00:00,3802884
2024-03-08 00:00:00+00:00,3807935
2024-03-09 00:00:00+00:00,3809774
2024-03-10 00:00:00+00:00,3811796
2024-03-11 00:00:00+00:00,3816905
2024-03-12 00:00:00+00:00,3822169
2024-03-13 00:00:00+00:00,3827764
2024-03-14 00:00:00+00:00,3832886
2024-03-15 00:00:00+00:00,3837445
2024-03-16 00:00:00+00:00,3839134
2024-03-17 00:00:00+00:00,3840885
2024-03-18 00:00:00+00:00,3846087
2024-03-19 00:00:00+00:00,3851582
2024-03-20 00:00:00+00:00,3856635
2024-03-21 00:00:00+00:00,3862129
2024-03-22 00:00:00+00:00,3866577
2024-03-23 00:00:00+00:00,3868406
2024-03-24 00:00:00+00:00,3870108
2024-03-25 00:00:00+00:00,3875188
2024-03-26 00:00:00+00:00,3880036
2024-03-27 00:00:00+00:00,3885066
2024-03-28 00:00:00+00:00,3889815
2024-03-29 00:00:00+00:00,3893590
2024-03-30 00:00:00+00:00,3895259
2024-03-31 00:00:00+00:00,3897921
2024-04-01 00:00:00+00:00,3902411
2024-04-02 00:00:00+00:00,3907746
2024-04-03 00:00:00+00:00,3913150
2024-04-04 00:00:00+00:00,3918240
2024-04-05 00:00:00+00:00,3922292
2024-04-06 00:00:00+00:00,3923951
2024-04-07 00:00:00+00:00,3925925
2024-04-08 00:00:00+00:00,3931278
2024-04-09 00:00:00+00:00,3936413
2024-04-10 00:00:00+00:00,3941662
2024-04-11 00:00:00+00:00,3947099
2024-04-12 00:00:00+00:00,3951871
2024-04-13 00:00:00+00:00,3953608
2024-04-14 00:00:00+00:00,3955485
2024-04-15 00:00:00+00:00,3961015
2024-04-16 00:00:00+00:00,3966350
2024-04-17 00:00:00+00:00,3971755
2024-04-18 00:00:00+00:00,3977136
2024-04-19 00:00:00+00:00,3982004
2024-04-20 00:00:00+00:00,3983739
2024-04-21 00:00:00+00:00,3985773
2024-04-22 00:00:00+00:00,3991935
2024-04-23 00:00:00+00:00,3997785
2024-04-24 00:00:00+00:00,4003247
2024-04-25 00:00:00+00:00,4008746
2024-04-26 00:00:00+00:00,4013670
2024-04-27 00:00:00+00:00,4016370
2024-04-28 00:00:00+00:00,4018175
2024-04-29 00:00:00+00:00,4023650
2024-04-30 00:00:00+00:00,4029448
2024-05-01 00:00:00+00:00,4033169
2024-05-02 00:00:00+00:00,4038064
2024-05-03 00:00:00+00:00,4042285
2024-05-04 00:00:00+00:00,4044340
2024-05-05 00:00:00+00:00,4046444
2024-05-06 00:00:00+00:00,4052330
2024-05-07 00:00:00+00:00,4059151
2024-05-08 00:00:00+00:00,4066053
2024-05-09 00:00:00+00:00,4072034
2024-05-10 00:00:00+00:00,4077370
2024-05-11 00:00:00+00:00,4081084
2024-05-12 00:00:00+00:00,4083633
2024-05-13 00:00:00+00:00,4089832
2024-05-14 00:00:00+00:00,4097259
2024-05-15 00:00:00+00:00,4103744
2024-05-16 00:00:00+00:00,4109909
2024-05-17 00:00:00+00:00,4115302
2024-05-18 00:00:00+00:00,4117579
2024-05-19 00:00:00+00:00,4120708
2024-05-20 00:00:00+00:00,4126017
2024-05-21 00:00:00+00:00,4131976
2024-05-22 00:00:00+00:00,4137700
2024-05-23 00:00:00+00:00,4143877
2024-05-24 00:00:00+00:00,4148777
2024-05-25 00:00:00+00:00,4150920
2024-05-26 00:00:00+00:00,4153013
2024-05-27 00:00:00+00:00,4158477
2024-05-28 00:00:00+00:00,4165035
2024-05-29 00:00:00+00:00,4171322
2024-05-30 00:00:00+00:00,4177824
2024-05-31 00:00:00+00:00,4183255
2024-06-01 00:00:00+00:00,4186336
2024-06-02 00:00:00+00:00,4188873
2024-06-03 00:00:00+00:00,4196304
2024-06-04 00:00:00+00:00,4202943
2024-06-05 00:00:00+00:00,4209708
2024-06-06 00:00:00+00:00,4215854
2024-06-07 00:00:00+00:00,4221146
2024-06-08 00:00:00+00:00,4223446
2024-06-09 00:00:00+00:00,4226389
2024-06-10 00:00:00+00:00,4232914
2024-06-11 00:00:00+00:00,4240018
2024-06-12 00:00:00+00:00,4246541
2024-06-13 00:00:00+00:00,4252851
2024-06-14 00:00:00+00:00,4258422
2024-06-15 00:00:00+00:00,4260932
2024-06-16 00:00:00+00:00,4263587
2024-06-17 00:00:00+00:00,4270714
2024-06-18 00:00:00+00:00,4276932
2024-06-19 00:00:00+00:00,4283170
2024-06-20 00:00:00+00:00,4289619
2024-06-21 00:00:00+00:00,4294700
2024-06-22 00:00:00+00:00,4297055
2024-06-23 00:00:00+00:00,4299266
2024-06-24 00:00:00+00:00,4306410
2024-06-25 00:00:00+00:00,4313691
2024-06-26 00:00:00+00:00,4320495
2024-06-27 00:00:00+00:00,4326962
2024-06-28 00:00:00+00:00,4332271
2024-06-29 00:00:00+00:00,4334263
2024-06-30 00:00:00+00:00,4336221
2024-07-01 00:00:00+00:00,4342363
2024-07-02 00:00:00+00:00,4348716
2024-07-03 00:00:00+00:00,4355146
2024-07-04 00:00:00+00:00,4360309
2024-07-05 00:00:00+00:00,4365277
2024-07-06 00:00:00+00:00,4367735
2024-07-07 00:00:00+00:00,4370456
2024-07-08 00:00:00+00:00,4377530
2024-07-09 00:00:00+00:00,4384132
2024-07-10 00:00:00+00:00,4390793
2024-07-11 00:00:00+00:00,4397209
2024-07-12 00:00:00+00:00,4402930
2024-07-13 00:00:00+00:00,4404829
2024-07-14 00:00:00+00:00,4407238
2024-07-15 00:00:00+00:00,4413776
2024-07-16 00:00:00+00:00,4421242
2024-07-17 00:00:00+00:00,4427915
2024-07-18 00:00:00+00:00,4434521
2024-07-19 00:00:00+00:00,4440319
2024-07-20 00:00:00+00:00,4442787
2024-07-21 00:00:00+00:00,4445709
2024-07-22 00:00:00+00:00,4453024
2024-07-23 00:00:00+00:00,4459913
2024-07-24 00:00:00+00:00,4466785
2024-07-25 00:00:00+00:00,4473893
2024-07-26 00:00:00+00:00,4480095
2024-07-27 00:00:00+00:00,4482660
2024-07-28 00:00:00+00:00,4485344
2024-07-29 00:00:00+00:00,4492897
2024-07-30 00:00:00+00:00,4500176
2024-07-31 00:00:00+00:00,4507378
2024-08-01 00:00:00+00:00,4514709
2024-08-02 00:00:00+00:00,4521064
2024-08-03 00:00:00+00:00,4523646
2024-08-04 00:00:00+00:00,4526410
2024-08-05 00:00:00+00:00,4534204
2024-08-06 00:00:00+00:00,4541423
2024-08-07 00:00:00+00:00,4548551
2024-08-08 00:00:00+00:00,4556188
2024-08-09 00:00:00+00:00,4563300
2024-08-10 00:00:00+00:00,4566007
2024-08-11 00:00:00+00:00,4569001
2024-08-12 00:00:00+00:00,4576111
2024-08-13 00:00:00+00:00,4583503
2024-08-14 00:00:00+00:00,4591114
2024-08-15 00:00:00+00:00,4597468
2024-08-16 00:00:00+00:00,4604067
2024-08-17 00:00:00+00:00,4608259
2024-08-18 00:00:00+00:00,4611593
2024-08-19 00:00:00+00:00,4619935
2024-08-20 00:00:00+00:00,4629260
2024-08-21 00:00:00+00:00,4638364
2024-08-22 00:00:00+00:00,4646373
2024-08-23 00:00:00+00:00,4652542
2024-08-24 00:00:00+00:00,4655131
2024-08-25 00:00:00+00:00,4657783
2024-08-26 00:00:00+00:00,4665013
2024-08-27 00:00:00+00:00,4674078
2024-08-28 00:00:00+00:00,4688095
2024-08-29 00:00:00+00:00,4714515
2024-08-30 00:00:00+00:00,4720943
2024-08-31 00:00:00+00:00,4723615
2024-09-01 00:00:00+00:00,4726367
2024-09-02 00:00:00+00:00,4733116
2024-09-03 00:00:00+00:00,4740632
2024-09-04 00:00:00+00:00,4748129
2024-09-05 00:00:00+00:00,4755728
2024-09-06 00:00:00+00:00,4762680
2024-09-07 00:00:00+00:00,4765336
2024-09-08 00:00:00+00:00,4768817
2024-09-09 00:00:00+00:00,4781344
2024-09-10 00:00:00+00:00,4801599
2024-09-11 00:00:00+00:00,4809363
2024-09-12 00:00:00+00:00,4817180
2024-09-13 00:00:00+00:00,4823720
2024-09-14 00:00:00+00:00,4826750
2024-09-15 00:00:00+00:00,4829185
2024-09-16 00:00:00+00:00,4838201
2024-09-17 00:00:00+00:00,4848008
2024-09-18 00:00:00+00:00,4858222
2024-09-19 00:00:00+00:00,4868539
2024-09-20 00:00:00+00:00,4875298
2024-09-21 00:00:00+00:00,4877410
2024-09-22 00:00:00+00:00,4879905
2024-09-23 00:00:00+00:00,4886935
2024-09-24 00:00:00+00:00,4895719
2024-09-25 00:00:00+00:00,4903868
2024-09-26 00:00:00+00:00,4911230
2024-09-27 00:00:00+00:00,4917560
2024-09-28 00:00:00+00:00,4919848
2024-09-29 00:00:00+00:00,4922466
2024-09-30 00:00:00+00:00,4929969
2024-10-01 00:00:00+00:00,4966977
2024-10-02 00:00:00+00:00,5004264
2024-10-03 00:00:00+00:00,5042283
2024-10-04 00:00:00+00:00,5079070
2024-10-05 00:00:00+00:00,5109971
2024-10-06 00:00:00+00:00,5142894
2024-10-07 00:00:00+00:00,5180789
2024-10-08 00:00:00+00:00,5218967
2024-10-09 00:00:00+00:00,5257095
2024-10-10 00:00:00+00:00,5295114
2024-10-11 00:00:00+00:00,5331823
2024-10-12 00:00:00+00:00,5363148
2024-10-13 00:00:00+00:00,5395971
2024-10-14 00:00:00+00:00,5424383
2024-10-15 00:00:00+00:00,5453178
2024-10-16 00:00:00+00:00,5482144
2024-10-17 00:00:00+00:00,5510188
2024-10-18 00:00:00+00:00,5537027
2024-10-19 00:00:00+00:00,5558565
2024-10-20 00:00:00+00:00,5581168
2024-10-21 00:00:00+00:00,5610166
2024-10-22 00:00:00+00:00,5638540
2024-10-23 00:00:00+00:00,5667736
2024-10-24 00:00:00+00:00,5695741
2024-10-25 00:00:00+00:00,5722092
2024-10-26 00:00:00+00:00,5742950
2024-10-27 00:00:00+00:00,5765275
2024-10-28 00:00:00+00:00,5792751
2024-10-29 00:00:00+00:00,5819906
2024-10-30 00:00:00+00:00,5859234
2024-10-31 00:00:00+00:00,5885821
2024-11-01 00:00:00+00:00,5911231
2024-11-02 00:00:00+00:00,5932584
2024-11-03 00:00:00+00:00,5955497
2024-11-04 00:00:00+00:00,5983408
2024-11-05 00:00:00+00:00,6012115
2024-11-06 00:00:00+00:00,6041100
2024-11-07 00:00:00+00:00,6069752
2024-11-08 00:00:00+00:00,6096695
2024-11-09 00:00:00+00:00,6119948
2024-11-10 00:00:00+00:00,6143311
2024-11-11 00:00:00+00:00,6171691
2024-11-12 00:00:00+00:00,6200418
2024-11-13 00:00:00+00:00,6229753
2024-11-14 00:00:00+00:00,6258865
2024-11-15 00:00:00+00:00,6286583
2024-11-16 00:00:00+00:00,6300943
2024-11-17 00:00:00+00:00,6314228
2024-11-18 00:00:00+00:00,6333179
2024-11-19 00:00:00+00:00,6352821
2024-11-20 00:00:00+00:00,6372389
2024-11-21 00:00:00+00:00,6391512
2024-11-22 00:00:00+00:00,6403873
2024-11-23 00:00:00+00:00,6406672
2024-11-24 00:00:00+00:00,6409695
2024-11-25 00:00:00+00:00,6422318
2024-11-26 00:00:00+00:00,6441946
2024-11-27 00:00:00+00:00,6460994
2024-11-28 00:00:00+00:00,6478166
2024-11-29 00:00:00+00:00,6492290
2024-11-30 00:00:00+00:00,6502657
2024-12-01 00:00:00+00:00,6516010
2024-12-02 00:00:00+00:00,6534936
2024-12-03 00:00:00+00:00,6554603
2024-12-04 00:00:00+00:00,6573363
2024-12-05 00:00:00+00:00,6584027
2024-12-06 00:00:00+00:00,6593022
2024-12-07 00:00:00+00:00,6597115
2024-12-08 00:00:00+00:00,6600632
2024-12-09 00:00:00+00:00,6614030
2024-12-10 00:00:00+00:00,6633887
2024-12-11 00:00:00+00:00,6652577
2024-12-12 00:00:00+00:00,6670603
2024-12-13 00:00:00+00:00,6688290
2024-12-14 00:00:00+00:00,6701596
2024-12-15 00:00:00+00:00,6714560
2024-12-16 00:00:00+00:00,6724320
2024-12-17 00:00:00+00:00,6732792
2024-12-18 00:00:00+00:00,6740845
2024-12-19 00:00:00+00:00,6748477
2024-12-20 00:00:00+00:00,6754626
2024-12-21 00:00:00+00:00,6757605
2024-12-22 00:00:00+00:00,6760966
2024-12-23 00:00:00+00:00,6766432
2024-12-24 00:00:00+00:00,6771307
2024-12-25 00:00:00+00:00,6775357
2024-12-26 00:00:00+00:00,6781336
2024-12-27 00:00:00+00:00,6785520
2024-12-28 00:00:00+00:00,6787946
2024-12-29 00:00:00+00:00,6790228
2024-12-30 00:00:00+00:00,6794949
2024-12-31 00:00:00+00:00,6798690
2025-01-01 00:00:00+00:00,6801512
2025-01-02 00:00:00+00:00,6806948
2025-01-03 00:00:00+00:00,6811982
2025-01-04 00:00:00+00:00,6814307
2025-01-05 00:00:00+00:00,6816589
2025-01-06 00:00:00+00:00,6826498
2025-01-07 00:00:00+00:00,6833702
2025-01-08 00:00:00+00:00,6841147
2025-01-09 00:00:00+00:00,6848741
2025-01-10 00:00:00+00:00,6855680
2025-01-11 00:00:00+00:00,6858290
2025-01-12 00:00:00+00:00,6860966
2025-01-13 00:00:00+00:00,6868780
2025-01-14 00:00:00+00:00,6876735
2025-01-15 00:00:00+00:00,6885408
2025-01-16 00:00:00+00:00,6893909
2025-01-17 00:00:00+00:00,6901503
2025-01-18 00:00:00+00:00,6903856
2025-01-19 00:00:00+00:00,6906670
2025-01-20 00:00:00+00:00,6914472
2025-01-21 00:00:00+00:00,6923205
2025-01-22 00:00:00+00:00,6932310
2025-01-23 00:00:00+00:00,6940607
2025-01-24 00:00:00+00:00,6948215
2025-01-25 00:00:00+00:00,6951424
2025-01-26 00:00:00+00:00,6955043
2025-01-27 00:00:00+00:00,6964148
2025-01-28 00:00:00+00:00,6973595
2025-01-29 00:00:00+00:00,6983888
2025-01-30 00:00:00+00:00,6993426
2025-01-31 00:00:00+00:00,7001498
2025-02-01 00:00:00+00:00,7005166
2025-02-02 00:00:00+00:00,7009103
2025-02-03 00:00:00+00:00,7018713
2025-02-04 00:00:00+00:00,7029052
2025-02-05 00:00:00+00:00,7039469
2025-02-06 00:00:00+00:00,7054186
2025-02-07 00:00:00+00:00,7073643
2025-02-08 00:00:00+00:00,7086684
2025-02-09 00:00:00+00:00,7100540
2025-02-10 00:00:00+00:00,7120608
2025-02-11 00:00:00+00:00,7140630
2025-02-12 00:00:00+00:00,7161441
2025-02-13 00:00:00+00:00,7180785
2025-02-14 00:00:00+00:00,7198878
2025-02-15 00:00:00+00:00,7211395
2025-02-16 00:00:00+00:00,7224844
2025-02-17 00:00:00+00:00,7244079
2025-02-18 00:00:00+00:00,7264046
2025-02-19 00:00:00+00:00,7284420
2025-02-20 00:00:00+00:00,7305323
2025-02-21 00:00:00+00:00,7324697
2025-02-22 00:00:00+00:00,7337564
2025-02-23 00:00:00+00:00,7350805
2025-02-24 00:00:00+00:00,7370718
2025-02-25 00:00:00+00:00,7391673
2025-02-26 00:00:00+00:00,7412030
2025-02-27 00:00:00+00:00,7432259
2025-02-28 00:00:00+00:00,7448162
2025-03-01 00:00:00+00:00,7452661
2025-03-02 00:00:00+00:00,7457257
2025-03-03 00:00:00+00:00,7468377
2025-03-04 00:00:00+00:00,7480690
2025-03-05 00:00:00+00:00,7492370
2025-03-06 00:00:00+00:00,7504267
2025-03-07 00:00:00+00:00,7514657
2025-03-08 00:00:00+00:00,7519323
2025-03-09 00:00:00+00:00,7524288
2025-03-10 00:00:00+00:00,7536573
2025-03-11 00:00:00+00:00,7550976
2025-03-12 00:00:00+00:00,7567595
2025-03-13 00:00:00+00:00,7581683
2025-03-14 00:00:00+00:00,7595990
2025-03-15 00:00:00+00:00,7609512
2025-03-16 00:00:00+00:00,7620022
2025-03-17 00:00:00+00:00,7636644
2025-03-18 00:00:00+00:00,7651561
2025-03-19 00:00:00+00:00,7665793
2025-03-20 00:00:00+00:00,7679483
2025-03-21 00:00:00+00:00,7690405
2025-03-22 00:00:00+00:00,7695001
2025-03-23 00:00:00+00:00,7699426
2025-03-24 00:00:00+00:00,7713486
2025-03-25 00:00:00+00:00,7728762
2025-03-26 00:00:00+00:00,7743066
2025-03-27 00:00:00+00:00,7756146
2025-03-28 00:00:00+00:00,7766851
2025-03-29 00:00:00+00:00,7771435
2025-03-30 00:00:00+00:00,7776705
2025-03-31 00:00:00+00:00,7788787
2025-04-01 00:00:00+00:00,7802015
2025-04-02 00:00:00+00:00,7815007
2025-04-03 00:00:00+00:00,7826742
2025-04-04 00:00:00+00:00,7836478
2025-04-05 00:00:00+00:00,7841771
2025-04-06 00:00:00+00:00,7846161
2025-04-07 00:00:00+00:00,7859550
2025-04-08 00:00:00+00:00,7872855
2025-04-09 00:00:00+00:00,7885667
2025-04-10 00:00:00+00:00,7898070
2025-04-11 00:00:00+00:00,7908903
2025-04-12 00:00:00+00:00,7913540
2025-04-13 00:00:00+00:00,7917807
2025-04-14 00:00:00+00:00,7929890
2025-04-15 00:00:00+00:00,7942846
2025-04-16 00:00:00+00:00,7955021
2025-04-17 00:00:00+00:00,7967313
2025-04-18 00:00:00+00:00,7975791
2025-04-19 00:00:00+00:00,7979609
2025-04-20 00:00:00+00:00,7983803
2025-04-21 00:00:00+00:00,7994138
2025-04-22 00:00:00+00:00,8006271
2025-04-23 00:00:00+00:00,8021106
2025-04-24 00:00:00+00:00,8037363
2025-04-25 00:00:00+00:00,8051453
2025-04-26 00:00:00+00:00,8057431
2025-04-27 00:00:00+00:00,8063327
2025-04-28 00:00:00+00:00,8076184
2025-04-29 00:00:00+00:00,8090379
2025-04-30 00:00:00+00:00,8104375
2025-05-01 00:00:00+00:00,8115311
2025-05-02 00:00:00+00:00,8124990
2025-05-03 00:00:00+00:00,8129032
2025-05-04 00:00:00+00:00,8133455
2025-05-05 00:00:00+00:00,8144619
2025-05-06 00:00:00+00:00,8156950
2025-05-07 00:00:00+00:00,8169789
2025-05-08 00:00:00+00:00,8181890
2025-05-09 00:00:00+00:00,8193809
2025-05-10 00:00:00+00:00,8197832
2025-05-11 00:00:00+00:00,8216190
2025-05-12 00:00:00+00:00,8235280
2025-05-13 00:00:00+00:00,8269790
2025-05-14 00:00:00+00:00,8303903
2025-05-15 00:00:00+00:00,8336505
2025-05-16 00:00:00+00:00,8366518
2025-05-17 00:00:00+00:00,8390594
2025-05-18 00:00:00+00:00,8415362
2025-05-19 00:00:00+00:00,8447721
2025-05-20 00:00:00+00:00,8481791
2025-05-21 00:00:00+00:00,8517490
2025-05-22 00:00:00+00:00,8552722
2025-05-23 00:00:00+00:00,8585539
2025-05-24 00:00:00+00:00,8610639
2025-05-25 00:00:00+00:00,8636924
2025-05-26 00:00:00+00:00,8668247
2025-05-27 00:00:00+00:00,8701689
2025-05-28 00:00:00+00:00,8732785
2025-05-29 00:00:00+00:00,8762462
2025-05-30 00:00:00+00:00,8790395
2025-05-31 00:00:00+00:00,8799854
2025-06-01 00:00:00+00:00,8826582
2025-06-02 00:00:00+00:00,8859576
2025-06-03 00:00:00+00:00,8890302
2025-06-04 00:00:00+00:00,8924634
2025-06-05 00:00:00+00:00,8957463
2025-06-06 00:00:00+00:00,8988754
2025-06-07 00:00:00+00:00,9012800
2025-06-08 00:00:00+00:00,9039008
2025-06-09 00:00:00+00:00,9073983
2025-06-10 00:00:00+00:00,9111318
2025-06-11 00:00:00+00:00,9147600
2025-06-12 00:00:00+00:00,9182279
2025-06-13 00:00:00+00:00,9214496
2025-06-14 00:00:00+00:00,9238431
2025-06-15 00:00:00+00:00,9265434
2025-06-16 00:00:00+00:00,9299394
2025-06-17 00:00:00+00:00,9333155
2025-06-18 00:00:00+00:00,9364327
2025-06-19 00:00:00+00:00,9393134
2025-06-20 00:00:00+00:00,9422726
2025-06-21 00:00:00+00:00,9444568
2025-06-22 00:00:00+00:00,9467492
2025-06-23 00:00:00+00:00,9501971
2025-06-24 00:00:00+00:00,9535163
2025-06-25 00:00:00+00:00,9568958
2025-06-26 00:00:00+00:00,9603875
2025-06-27 00:00:00+00:00,9635729
2025-06-28 00:00:00+00:00,9659646
2025-06-29 00:00:00+00:00,9683977
2025-06-30 00:00:00+00:00,9716394
2025-07-01 00:00:00+00:00,9749034
2025-07-02 00:00:00+00:00,9780750
2025-07-03 00:00:00+00:00,9811528
2025-07-04 00:00:00+00:00,9842143
2025-07-05 00:00:00+00:00,9866165
2025-07-06 00:00:00+00:00,9890758
2025-07-07 00:00:00+00:00,9925030
2025-07-08 00:00:00+00:00,9958902
2025-07-09 00:00:00+00:00,9990595
2025-07-10 00:00:00+00:00,10023015
2025-07-11 00:00:00+00:00,10053980
2025-07-12 00:00:00+00:00,10101905
2025-07-13 00:00:00+00:00,10173964
2025-07-14 00:00:00+00:00,10250338
2025-07-15 00:00:00+00:00,10332690
2025-07-16 00:00:00+00:00,10412232
2025-07-17 00:00:00+00:00,10492628
2025-07-18 00:00:00+00:00,10572621
2025-07-19 00:00:00+00:00,10641556
2025-07-20 00:00:00+00:00,10710342
2025-07-21 00:00:00+00:00,10786549
2025-07-22 00:00:00+00:00,10866642
2025-07-23 00:00:00+00:00,10948464
2025-07-24 00:00:00+00:00,11027110
2025-07-25 00:00:00+00:00,11104514
2025-07-26 00:00:00+00:00,11174346
2025-07-27 00:00:00+00:00,11245657
2025-07-28 00:00:00+00:00,11329512
2025-07-29 00:00:00+00:00,11414991
2025-07-30 00:00:00+00:00,11495720
2025-07-31 00:00:00+00:00,11575934
2025-08-01 00:00:00+00:00,11653665
2025-08-02 00:00:00+00:00,11727316
2025-08-03 00:00:00+00:00,11801539
2025-08-04 00:00:00+00:00,11883496
2025-08-05 00:00:00+00:00,11967313
2025-08-06 00:00:00+00:00,12049450
2025-08-07 00:00:00+00:00,12129838
2025-08-08 00:00:00+00:00,12207631
2025-08-09 00:00:00+00:00,12277740
2025-08-10 00:00:00+00:00,12350449
2025-08-11 00:00:00+00:00,12429706
2025-08-12 00:00:00+00:00,12510117
2025-08-13 00:00:00+00:00,12591016
2025-08-14 00:00:00+00:00,12669691
2025-08-15 00:00:00+00:00,12718683
2025-08-16 00:00:00+00:00,12741652
2025-08-17 00:00:00+00:00,12766401
2025-08-18 00:00:00+00:00,12799299
2025-08-19 00:00:00+00:00,12833598
2025-08-20 00:00:00+00:00,12867555
2025-08-21 00:00:00+00:00,12900828
2025-08-22 00:00:00+00:00,12932380
2025-08-23 00:00:00+00:00,12954914
2025-08-24 00:00:00+00:00,12979105
2025-08-25 00:00:00+00:00,13011730
2025-08-26 00:00:00+00:00,13045558
2025-08-27 00:00:00+00:00,13080302
2025-08-28 00:00:00+00:00,13115389
2025-08-29 00:00:00+00:00,13147037
2025-08-30 00:00:00+00:00,13170475
2025-08-31 00:00:00+00:00,13195312
2025-09-01 00:00:00+00:00,13226614
2025-09-02 00:00:00+00:00,13260321
2025-09-03 00:00:00+00:00,13294135
2025-09-04 00:00:00+00:00,13326268
2025-09-05 00:00:00+00:00,13357234
2025-09-06 00:00:00+00:00,13381429
2025-09-07 00:00:00+00:00,13405474
2025-09-08 00:00:00+00:00,13439739
2025-09-09 00:00:00+00:00,13474854
2025-09-10 00:00:00+00:00,13509837
2025-09-11 00:00:00+00:00,13544101
2025-09-12 00:00:00+00:00,13576271
2025-09-13 00:00:00+00:00,13601115
2025-09-14 00:00:00+00:00,13627756
2025-09-15 00:00:00+00:00,13663163
2025-09-16 00:00:00+00:00,13700377
2025-09-17 00:00:00+00:00,13736842
2025-09-18 00:00:00+00:00,13771330
2025-09-19 00:00:00+00:00,13804377
2025-09-20 00:00:00+00:00,13833279
2025-09-21 00:00:00+00:00,13863779
2025-09-22 00:00:00+00:00,13903837
2025-09-23 00:00:00+00:00,13943455
2025-09-24 00:00:00+00:00,13982852
2025-09-25 00:00:00+00:00,14017304
2025-09-26 00:00:00+00:00,14052865
2025-09-27 00:00:00+00:00,14078906
2025-09-28 00:00:00+00:00,14108771
2025-09-29 00:00:00+00:00,14145933
2025-09-30 00:00:00+00:00,14182800
2025-10-01 00:00:00+00:00,14219847
2025-10-02 00:00:00+00:00,14254657
2025-10-03 00:00:00+00:00,14288952
2025-10-04 00:00:00+00:00,14316294
2025-10-05 00:00:00+00:00,14343795
2025-10-06 00:00:00+00:00,14381375
2025-10-07 00:00:00+00:00,14419747
2025-10-08 00:00:00+00:00,14458335
2025-10-09 00:00:00+00:00,14494893
2025-10-10 00:00:00+00:00,14527387
2025-10-11 00:00:00+00:00,14550660
2025-10-12 00:00:00+00:00,14575324
2025-10-13 00:00:00+00:00,14608896
2025-10-14 00:00:00+00:00,14643813
2025-10-15 00:00:00+00:00,14680412
2025-10-16 00:00:00+00:00,14715133
2025-10-17 00:00:00+00:00,14746417
2025-10-18 00:00:00+00:00,14771874
2025-10-19 00:00:00+00:00,14796563
2025-10-20 00:00:00+00:00,14828362
2025-10-21 00:00:00+00:00,14859162
2025-10-22 00:00:00+00:00,14895583
2025-10-23 00:00:00+00:00,14930866
2025-10-24 00:00:00+00:00,14963634
2025-10-25 00:00:00+00:00,14987177
2025-10-26 00:00:00+00:00,15009983
2025-10-27 00:00:00+00:00,15043534
2025-10-28 00:00:00+00:00,15078935
2025-10-29 00:00:00+00:00,15114518
2025-10-30 00:00:00+00:00,15149358
2025-10-31 00:00:00+00:00,15181365
2025-11-01 00:00:00+00:00,15205386
2025-11-02 00:00:00+00:00,15231363
2025-11-03 00:00:00+00:00,15266249
2025-11-04 00:00:00+00:00,15300016
2025-11-05 00:00:00+00:00,15334400
2025-11-06 00:00:00+00:00,15368942
2025-11-07 00:00:00+00:00,15400533
2025-11-08 00:00:00+00:00,15423855
2025-11-09 00:00:00+00:00,15449289
2025-11-10 00:00:00+00:00,15484245
2025-11-11 00:00:00+00:00,15518347
2025-11-12 00:00:00+00:00,15554492
2025-11-13 00:00:00+00:00,15587222
2025-11-14 00:00:00+00:00,15619317
2025-11-15 00:00:00+00:00,15642129
2025-11-16 00:00:00+00:00,15667115
2025-11-17 00:00:00+00:00,15702351
2025-11-18 00:00:00+00:00,15728253
2025-11-19 00:00:00+00:00,15745776
2025-11-20 00:00:00+00:00,15762246
2025-11-21 00:00:00+00:00,15776004
2025-11-22 00:00:00+00:00,15782353
2025-11-23 00:00:00+00:00,15788674
2025-11-24 00:00:00+00:00,15804791
2025-11-25 00:00:00+00:00,15820627
2025-11-26 00:00:00+00:00,15836326
2025-11-27 00:00:00+00:00,15850001
2025-11-28 00:00:00+00:00,15861694
2025-11-29 00:00:00+00:00,15867704
2025-11-30 00:00:00+00:00,15876157
2025-12-01 00:00:00+00:00,15895342
2025-12-02 00:00:00+00:00,15915150
2025-12-03 00:00:00+00:00,15934138
2025-12-04 00:00:00+00:00,15952180
2025-12-05 00:00:00+00:00,15966483
2025-12-06 00:00:00+00:00,15972447
2025-12-07 00:00:00+00:00,15979313
2025-12-08 00:00:00+00:00,15995650
2025-12-09 00:00:00+00:00,16013952
2025-12-10 00:00:00+00:00,16030815
2025-12-11 00:00:00+00:00,16047783
2025-12-12 00:00:00+00:00,16062045
2025-12-13 00:00:00+00:00,16067574
2025-12-14 00:00:00+00:00,16073225
2025-12-15 00:00:00+00:00,16087461
2025-12-16 00:00:00+00:00,16101949
2025-12-17 00:00:00+00:00,16116976
2025-12-18 00:00:00+00:00,16130973
2025-12-19 00:00:00+00:00,16142913
2025-12-20 00:00:00+00:00,16147993
2025-12-21 00:00:00+00:00,16154108
2025-12-22 00:00:00+00:00,16166922
2025-12-23 00:00:00+00:00,16176689
2025-12-24 00:00:00+00:00,16185053
2025-12-25 00:00:00+00:00,16191047
2025-12-26 00:00:00+00:00,16197701
2025-12-27 00:00:00+00:00,16202059
2025-12-28 00:00:00+00:00,16206681
2025-12-29 00:00:00+00:00,16217209
2025-12-30 00:00:00+00:00,16225772
2025-12-31 00:00:00+00:00,16233360
2026-01-01 00:00:00+00:00,16238727
2026-01-02 00:00:00+00:00,16247171
2026-01-03 00:00:00+00:00,16252909
2026-01-04 00:00:00+00:00,16259415
2026-01-05 00:00:00+00:00,16279153
2026-01-06 00:00:00+00:00,16300793
2026-01-07 00:00:00+00:00,16316319
2026-01-08 00:00:00+00:00,16330461
2026-01-09 00:00:00+00:00,16343660
2026-01-10 00:00:00+00:00,16348970
2026-01-11 00:00:00+00:00,16354417
2026-01-12 00:00:00+00:00,16370177
2026-01-13 00:00:00+00:00,16384859
2026-01-14 00:00:00+00:00,16399392
2026-01-15 00:00:00+00:00,16414264
2026-01-16 00:00:00+00:00,16428172
2026-01-17 00:00:00+00:00,16434374
2026-01-18 00:00:00+00:00,16440238
2026-01-19 00:00:00+00:00,16456617
2026-01-20 00:00:00+00:00,16472967
2026-01-21 00:00:00+00:00,16489699
2026-01-22 00:00:00+00:00,16510649
2026-01-23 00:00:00+00:00,16526835
2026-01-24 00:00:00+00:00,16532402
2026-01-25 00:00:00+00:00,16538879
2026-01-26 00:00:00+00:00,16555330
2026-01-27 00:00:00+00:00,16573700
2026-01-28 00:00:00+00:00,16592478
2026-01-29 00:00:00+00:00,16611382
2026-01-30 00:00:00+00:00,16627842
2026-01-31 00:00:00+00:00,16635010
2026-02-01 00:00:00+00:00,16643276
2026-02-02 00:00:00+00:00,16666748
2026-02-03 00:00:00+00:00,16689626
2026-02-04 00:00:00+00:00,16709674
2026-02-05 00:00:00+00:00,16735771
2026-02-06 00:00:00+00:00,16762663
2026-02-07 00:00:00+00:00,16789359
2026-02-08 00:00:00+00:00,16816753
2026-02-09 00:00:00+00:00,16862921
2026-02-10 00:00:00+00:00,16905930
2026-02-11 00:00:00+00:00,16931066
2026-02-12 00:00:00+00:00,16952994
2026-02-13 00:00:00+00:00,16972218
2026-02-14 00:00:00+00:00,16989209
2026-02-15 00:00:00+00:00,17003551
2026-02-16 00:00:00+00:00,17027997
2026-02-17 00:00:00+00:00,17054281
2026-02-18 00:00:00+00:00,17083703
2026-02-19 00:00:00+00:00,17110623
2026-02-20 00:00:00+00:00,17135080
2026-02-21 00:00:00+00:00,17149918
2026-02-22 00:00:00+00:00,17174563
2026-02-23 00:00:00+00:00,17209793
2026-02-24 00:00:00+00:00,17233487
2026-02-25 00:00:00+00:00,17259086
2026-02-26 00:00:00+00:00,17284563
2026-02-27 00:00:00+00:00,17306744
2026-02-28 00:00:00+00:00,17322830
2026-03-01 00:00:00+00:00,17338638
2026-03-02 00:00:00+00:00,17371700
2026-03-03 00:00:00+00:00,17401414
2026-03-04 00:00:00+00:00,17431472
2026-03-05 00:00:00+00:00,17464602
2026-03-06 00:00:00+00:00,17495963
2026-03-07 00:00:00+00:00,17515628
2026-03-08 00:00:00+00:00,17534767
2026-03-09 00:00:00+00:00,17569859
2026-03-10 00:00:00+00:00,17607117
2026-03-11 00:00:00+00:00,17643863
2026-03-12 00:00:00+00:00,17680474
2026-03-13 00:00:00+00:00,17715463
2026-03-14 00:00:00+00:00,17739469
2026-03-15 00:00:00+00:00,17768535
2026-03-16 00:00:00+00:00,17814439
2026-03-17 00:00:00+00:00,17859191
2026-03-18 00:00:00+00:00,17895422
2026-03-19 00:00:00+00:00,17925910
2026-03-20 00:00:00+00:00,17952021
2026-03-21 00:00:00+00:00,17967488
2026-03-22 00:00:00+00:00,17982661
2026-03-23 00:00:00+00:00,18013843
2026-03-24 00:00:00+00:00,18047621
2026-03-25 00:00:00+00:00,18091546
2026-03-26 00:00:00+00:00,18133540
2026-03-27 00:00:00+00:00,18162171
2026-03-28 00:00:00+00:00,18177029
2026-03-29 00:00:00+00:00,18192224
2026-03-30 00:00:00+00:00,18226503
2026-03-31 00:00:00+00:00,18260318
2026-04-01 00:00:00+00:00,18287629